path,original_sha256,public_sha256,modified_for_publication,path_string_replacements
results/CICIoV2024/seed_42/centralized/centralized_xgboost_CICIoV2024_summary.json,af59133280f8bd6849ca319778b2aa4c83ecffdfc97e7b7c4538f36a74a6bc3b,509a75d500a6c536e6230acd130db1a546e03cca9b82f2117939609db4b5ee21,True,4
results/CICIoV2024/seed_42/centralized/centralized_xgboost_run_summary.json,467fb7d492ea12373482ca22a9997c1f52fe21ac41210d9ba5bfd9f3da74ca82,af396cbb972bbecb0831a0756129f5c9a09c53fc26c61b1a8ed09946781528df,True,4
results/CICIoV2024/seed_42/full_dp/global_ensemble_summary.json,644f8e2dd12a0538232d2b52d9cc0eb37a5c1267cf19a0dcc578e55c580c222a,dfd34f6077a88c8e3328dd8b54bc324e969044a61cb8fc9518f0bec5b8a76382,True,3
results/CICIoV2024/seed_42/full_dp/iov_centralized_eval_summary.json,a055db9f10fb844e3fb7ee065aeaa7b911e223e60eb27adf521f398690ad1b2e,a055db9f10fb844e3fb7ee065aeaa7b911e223e60eb27adf521f398690ad1b2e,False,0
results/CICIoV2024/seed_42/full_dp/iov_rsu_1_summary.json,a756bc260c8ba1dfa6466afd4929b9294b7463cf9eda774a70b2c396b5a4d9d0,bee8520fcaf23545c790b0c50f4da2764b40423b1bf59b5160567af3d135371c,True,11
results/CICIoV2024/seed_42/full_dp/iov_rsu_2_summary.json,d0615b861dd804e2555177dcb125f1ada9191fdf6fcc8a662b8f720d4820cc33,b4af51294aef7723bfad47b4cc14cd1b76f8ad5eaf68edbbfd1c90d30fb3110c,True,11
results/CICIoV2024/seed_42/full_dp/iov_run_config.json,c002177d49d89419b5a026636c5dab6456c0bc7a6e9707b02a0e84cb233da6c3,e85f61db66ca18633cd09d518189401d6f46ae84697fcab21055514583a2d1c1,True,3
results/CICIoV2024/seed_42/full_dp/zkp_anchor_gating_manifest.json,f39413671fd48a5837510acbf39920455558fa817bc1ba916d9a7beb224638e4,37dce9539e2ba3137aa279c645388caa0d5956baf40a3f9ef0cb6c227d0b5ee3,True,5
results/CICIoV2024/seed_42/nondp_local_10/iov_centralized_eval_summary.json,fd6a07bbe0d6dc34a9a63e1b2dd9ae445d37371a5aa2d5b3a05962eca7eeaf2d,fd6a07bbe0d6dc34a9a63e1b2dd9ae445d37371a5aa2d5b3a05962eca7eeaf2d,False,0
results/CICIoV2024/seed_42/nondp_local_10/iov_global_server_ensemble_summary.json,00dcdb1b767e6e3cc9bbb9ea6ae4a036872a4a56b1b220c203bc58efd5d3a2d2,00dcdb1b767e6e3cc9bbb9ea6ae4a036872a4a56b1b220c203bc58efd5d3a2d2,False,0
results/CICIoV2024/seed_42/nondp_local_10/iov_rsu_1_summary.json,f87e05c17eb1b48e8c9347381d89820857610ac51d6c685197aba1f60130deb9,f87e05c17eb1b48e8c9347381d89820857610ac51d6c685197aba1f60130deb9,False,0
results/CICIoV2024/seed_42/nondp_local_10/iov_rsu_2_summary.json,79e6e9a3a5297a1aae1f17c1508c9e6b338c9ce3b31d165955bcf8575b62921c,79e6e9a3a5297a1aae1f17c1508c9e6b338c9ce3b31d165955bcf8575b62921c,False,0
results/CICIoV2024/seed_42/nondp_local_10/iov_run_config.json,e16ddf285ba7d134cd110c725ad99ed07f9f563cbb6be6be747925a41e3af36c,22110c3940cc5746e4905fa9534402e843259cd8188aa20166369a908f6c0fff,True,3
results/CICIoV2024/seed_42/preprocessing/CICIoV2024_manifest.json,d9fc7dd89e3f257c251bdde8dbe5df0827cf52a05e7077413a86fa2dc2303cd8,867947877c8fa959e61daad186d2a0f19b10f8819aca262fb1af8d8a207da998,True,7
results/CICIoV2024/seed_43/centralized/centralized_xgboost_CICIoV2024_summary.json,6760b767b772a111f38bbaa888348d1de5124cc60f4f06a573a0ae18578874a3,2fdd31e8d842e07431763d0ecdfbc49d36c7cef3a1905a75da92ea715919b4dd,True,4
results/CICIoV2024/seed_43/centralized/centralized_xgboost_run_summary.json,f3289fa7123fd44f2cbe554fba62a38476d36e1267e7ea219a677bc82c8681bb,9c30b8e0950b0908d24a5ba40399b721329b5049b7470512290f7757a4b1f706,True,4
results/CICIoV2024/seed_43/full_dp/global_ensemble_summary.json,70c1499a60e76f74d9c5b8b43de30a175d0969fdec9aee3ed857f01c75398990,b7bd4999158814a961075ff796fdb21b2c15190f8eeb2d8360300c9baae2f56d,True,3
results/CICIoV2024/seed_43/full_dp/iov_centralized_eval_summary.json,50afd6f33a2eca75f8d9cf3578d6d3479e4478642b7392962a0a506d34951a4b,50afd6f33a2eca75f8d9cf3578d6d3479e4478642b7392962a0a506d34951a4b,False,0
results/CICIoV2024/seed_43/full_dp/iov_rsu_1_summary.json,fafd4bb80784d844321e5afd8e42798e6ab80809806b89d6a826cc875374562f,44cf21e91310a6159c7abf3df8de342fd0f974f1f0fd61a8b5db56cba3519f98,True,11
results/CICIoV2024/seed_43/full_dp/iov_rsu_2_summary.json,66e3929a6b12082c10eb1bbce1876f4a75c0685d646374a824c311b9bf64c9aa,b3304711b34b870bd483cc6128a751b511fba16f4942789bd9b44247e0e7c025,True,11
results/CICIoV2024/seed_43/full_dp/iov_run_config.json,55075dcca6b6c169156826cf08d77a70a58b35dd0b76cc0d1aa160e7a250e21e,75ebd40c938a24ac99515c836c1d49c9356ef09821cb2828fd3105ca367c6681,True,3
results/CICIoV2024/seed_43/full_dp/zkp_anchor_gating_manifest.json,0f13ed9edd85e86875ea9fc5ae8cdb17ef5521a14d9a32f19330df05f0a06aea,0364854a580669d6bc8bba8fb6275543da832b39bffcd80a19cb6761e705413a,True,5
results/CICIoV2024/seed_43/nondp_local_10/iov_centralized_eval_summary.json,14afc16a40b471a1b062cbb4f0b8b28aaa03a410aefbb6c8501cf3b4e5983dd0,14afc16a40b471a1b062cbb4f0b8b28aaa03a410aefbb6c8501cf3b4e5983dd0,False,0
results/CICIoV2024/seed_43/nondp_local_10/iov_global_server_ensemble_summary.json,d2c3780490fe6764235f3fa393fabde8c7929bde438cb9a11a5af10d8097f7f2,d2c3780490fe6764235f3fa393fabde8c7929bde438cb9a11a5af10d8097f7f2,False,0
results/CICIoV2024/seed_43/nondp_local_10/iov_rsu_1_summary.json,3a5445ab3a80e9d4364b384f7865a3d4d5b9dd964f0d960c2ce6894ca4202a07,3a5445ab3a80e9d4364b384f7865a3d4d5b9dd964f0d960c2ce6894ca4202a07,False,0
results/CICIoV2024/seed_43/nondp_local_10/iov_rsu_2_summary.json,ec33555596b7f9b53ce96da328ec43f9cb6844bad5f22d56a6c2fee155a15c2b,ec33555596b7f9b53ce96da328ec43f9cb6844bad5f22d56a6c2fee155a15c2b,False,0
results/CICIoV2024/seed_43/nondp_local_10/iov_run_config.json,499c259deb0c4becb510df0b1e0b2bcf77f4cd73f772a38d9d5e2c52ce0a88cb,30e3dc08c9744a18c627967ba9e39c365704c5dd5e29f72fc0381028032c0c34,True,3
results/CICIoV2024/seed_43/preprocessing/CICIoV2024_manifest.json,aae444f6cf1ededeb2741f6439641f3bdb13988d35b9805d50a9ef44f114fdac,c9494df8b6cfd7ecc14cd10d948653d637b1249769a90efeb0ef2f02403186af,True,7
results/CICIoV2024/seed_44/centralized/centralized_xgboost_CICIoV2024_summary.json,989700292706ee87dc8e5e254e5df55c8c65ae1c0da5bbb986ca1861f9a2d6f3,4114573bea089ad99eac1fd94ac8aac4169ad2f970a4992287e1effceaa5adc1,True,4
results/CICIoV2024/seed_44/centralized/centralized_xgboost_run_summary.json,6d63ccabf540a1037b7c066e8b8e3bbe3d01802f1d2a4e4812cebaf66cd68bdf,da05ff4033f8df20863ff57a66101a3ab529c711cd83b5f0a0842e8f2e16eee2,True,4
results/CICIoV2024/seed_44/full_dp/global_ensemble_summary.json,090e81fd00951bfa1c9b7f62abd9157c9f2cc1352b44cccd9751379997647313,50b50687637977f7596ee65c79a02977b77558de90c4ac0e548ed8d64937f01f,True,3
results/CICIoV2024/seed_44/full_dp/iov_centralized_eval_summary.json,778ac8534515dbcccb459350fd10b78c559121897f870b11ab834496b4d33edc,778ac8534515dbcccb459350fd10b78c559121897f870b11ab834496b4d33edc,False,0
results/CICIoV2024/seed_44/full_dp/iov_rsu_1_summary.json,44b59de298c830f8740de6d12fc1f1f1ddb256499f15a7d1bf7b0573d31dcb24,833a757919bafe14b0d78503b65358f5cdae838f00984979c38d87630e1f6f31,True,11
results/CICIoV2024/seed_44/full_dp/iov_rsu_2_summary.json,0762fe404e3e7166eebe3f038942f08900f6b45dcafd6a4522a129dd1b5b7979,e9b6f1023194b3f300dcbe37af062d52bc5af1820639da407c78988624a5060d,True,11
results/CICIoV2024/seed_44/full_dp/iov_run_config.json,be1badeeb5c1d81945f0ca96b8d52fc1156d56e5e4b5c147c0021854c8aa8b60,ee94f63da06275b0b763984d27b0461126c21601a8c5fc5883e7df1c8c9a9c55,True,3
results/CICIoV2024/seed_44/full_dp/zkp_anchor_gating_manifest.json,b9a18cca062a7c0944b979c7ad05635fe4300575f32e019a5e169718d7066ae9,d79d7a63da4b7fdce4856e26117198644177ae3138421bab2e8eae653cff352f,True,5
results/CICIoV2024/seed_44/nondp_local_10/iov_centralized_eval_summary.json,5f6f8ad51346b9822e965973d5bf671f1927403707a621b16c206aa10c025c0a,5f6f8ad51346b9822e965973d5bf671f1927403707a621b16c206aa10c025c0a,False,0
results/CICIoV2024/seed_44/nondp_local_10/iov_global_server_ensemble_summary.json,8329e9483f87da17c2584eb911b031bd3de5ef849f8f2a05abe484c67dbe9b06,8329e9483f87da17c2584eb911b031bd3de5ef849f8f2a05abe484c67dbe9b06,False,0
results/CICIoV2024/seed_44/nondp_local_10/iov_rsu_1_summary.json,c70f1a89c6e05fb21ba99294bf84aa2e9a0fe72e3313d3c7548f28b0186acf33,c70f1a89c6e05fb21ba99294bf84aa2e9a0fe72e3313d3c7548f28b0186acf33,False,0
results/CICIoV2024/seed_44/nondp_local_10/iov_rsu_2_summary.json,ce4fad84a0997e8cdbc29ee4fc4b70a97176b5b9d7df350e2e6b1f939b1398c9,ce4fad84a0997e8cdbc29ee4fc4b70a97176b5b9d7df350e2e6b1f939b1398c9,False,0
results/CICIoV2024/seed_44/nondp_local_10/iov_run_config.json,74b9f280a59057c5b8e4049847800436465b51df90ee6df00ce5765c94208549,d6599ef34471a7c2d3c58f3e3199406a9f66558affa23b1e742bd725cf85af1f,True,3
results/CICIoV2024/seed_44/preprocessing/CICIoV2024_manifest.json,c170b5e89a9d1e8262a1a409a7872dc5d8280798fe4e9985742c77a4dad4548a,53bb7415621c57b1aa79a1e9ca53ad31ae1ca60647b4aab2e1a89d2c3479d9cb,True,7
results/CICIoV2024/seed_45/centralized/centralized_xgboost_CICIoV2024_summary.json,05fa205ccc39ff8b160cc1ea1e8dffe890d08741d3da0607c7ca3aeef4719b52,25a24a1f4e9a081a8d23184bcf879b6ed701299a79fbd7ed69b8ef60583c83cf,True,4
results/CICIoV2024/seed_45/centralized/centralized_xgboost_run_summary.json,f498821a243ef290f09ac5c50f2f35b561fefbc474194c64957d3688e6a7f5fe,a2c5ac5060efd0916d2a34b9397d8f792efdc90cdb4e7768aa5aad5f0c530e5a,True,4
results/CICIoV2024/seed_45/full_dp/global_ensemble_summary.json,9bf657b83ca1f2cff9ab0f58773a2cdb1a9d4ed318d896789569a19c234d9735,d77b28bd415727e2f391eab640a74dd382424098c20750bf407593b531527f3d,True,3
results/CICIoV2024/seed_45/full_dp/iov_centralized_eval_summary.json,4503198e2dfe4f8b177f303ba66d7f9e886c0b1142467af1517952297ff31349,4503198e2dfe4f8b177f303ba66d7f9e886c0b1142467af1517952297ff31349,False,0
results/CICIoV2024/seed_45/full_dp/iov_rsu_1_summary.json,2536161e0a9c095130d2469dfe4a903a74cb3e26775e8f9882f1a7605b421bfd,92bc836328a3feb8a2e8363ec8aed73005550b4f73acc8f59a2e250466da5f87,True,11
results/CICIoV2024/seed_45/full_dp/iov_rsu_2_summary.json,531e03e903211f542b1f5b0bfb9c2639639dad5533770f6d152c939ebfbdcadd,8ef7b55b70cd552827c9343cdfb4d426791edb8350c4c6471c5fdaa0f72b79d4,True,11
results/CICIoV2024/seed_45/full_dp/iov_run_config.json,8aba4dbf4924e2edc0461af2b06750d65e1de4d7fad881d6af83e33e8136b4b2,3a68e8b2d08167b5d05bf87a4b81f0a77168df2cc8a020ba82f425cc4104b3da,True,3
results/CICIoV2024/seed_45/full_dp/zkp_anchor_gating_manifest.json,b05bb88de4b576719e33820ce5d03a08c297549c400c4ed18bc296868ef98f6d,6e81a137712ed0f70d8a254c41dfe2dd755ddceb0d522b201c9cced944ea54c8,True,5
results/CICIoV2024/seed_45/nondp_local_10/iov_centralized_eval_summary.json,00c50d1893f81c3a53764469aacc8ce9e047fb611307baea0914375a01a200b3,00c50d1893f81c3a53764469aacc8ce9e047fb611307baea0914375a01a200b3,False,0
results/CICIoV2024/seed_45/nondp_local_10/iov_global_server_ensemble_summary.json,3da8bdf58f00e01f95b43f3eee18d47e5a1ecbf568c84465225fa47341ddc5b3,3da8bdf58f00e01f95b43f3eee18d47e5a1ecbf568c84465225fa47341ddc5b3,False,0
results/CICIoV2024/seed_45/nondp_local_10/iov_rsu_1_summary.json,cd33da47c28d2584a9296e66a82c4e8c6d2218fd5e88806bb7fadc92cf7caeb2,cd33da47c28d2584a9296e66a82c4e8c6d2218fd5e88806bb7fadc92cf7caeb2,False,0
results/CICIoV2024/seed_45/nondp_local_10/iov_rsu_2_summary.json,ac907461c808d9260e3eab3e5c10e30b1c37363ff97aa223f7c1b369dbd6f467,ac907461c808d9260e3eab3e5c10e30b1c37363ff97aa223f7c1b369dbd6f467,False,0
results/CICIoV2024/seed_45/nondp_local_10/iov_run_config.json,94ab1e8d6c3a8d4c0ee58bf7014f3e79973197334bf37dc35f33cca36b15e1b8,d2e17a6acaf7e1b23a07714616d23667ab44d8965a925994a4f68fa3fd241199,True,3
results/CICIoV2024/seed_45/preprocessing/CICIoV2024_manifest.json,736aa2c77dc5505d12845a3240874e134c276429e8618256633ffb5e741545c3,c8d782b2ade14d5d8b8b35696247a6f4cabf081d3c28e0d60c63ad6744d6741e,True,7
results/CICIoV2024/seed_46/centralized/centralized_xgboost_CICIoV2024_summary.json,0c3ad19ca856e143ecd4d74da30270ae1fae6bf0b19e75665413430b9657a55f,fee58809146557c71e5eb5df0eeff3e0549712d642d7bff1b4d2d950ef91089b,True,4
results/CICIoV2024/seed_46/centralized/centralized_xgboost_run_summary.json,2a083e81c67685b17cb3247176c7d53e3cb9553ceee7f60437dcca437a569efc,90429887a9c085685ffc0b98f81ee15e72035de853682ba76b8d8d6bf58d52f5,True,4
results/CICIoV2024/seed_46/full_dp/global_ensemble_summary.json,f3ed39145a5d199a8a78b2b7da24f81a0b87c9cdcacf162e4db2f8d4f7c70e4c,e6f4c00c074d0bb353106ef553c37fa6f1d366439c7d6a3f9b748a79fd629359,True,3
results/CICIoV2024/seed_46/full_dp/iov_centralized_eval_summary.json,46d61c0dc176ca2109fd1bcb28d1d9211bffe79404ae59b5d173740ae61a756f,46d61c0dc176ca2109fd1bcb28d1d9211bffe79404ae59b5d173740ae61a756f,False,0
results/CICIoV2024/seed_46/full_dp/iov_rsu_1_summary.json,3362d966fcc997a67810586a6ae79c631ff1d2788ac5be738d9b6e64c8dd55b1,56e482b87c80478066076d18fa306bf3d65cba6e2b2908172efb0cf59d56fabd,True,11
results/CICIoV2024/seed_46/full_dp/iov_rsu_2_summary.json,52d86fb9a07d8f6cbef9d4bd056284630a5519e906c164008eb2450dd596fa1b,f2a473f6502b1ff476fa8aafb095545b593d3c21dd669647ce4910af2aff8939,True,11
results/CICIoV2024/seed_46/full_dp/iov_run_config.json,f117b9b14d2d8816ab2279a7cd94acf8651361cd9343e3f0392e3e96554ef440,e78f957c96529a4b0061553372482d3ba8aaee9aaf7dd53b284cfaaa8d069fca,True,3
results/CICIoV2024/seed_46/full_dp/zkp_anchor_gating_manifest.json,142637bd67095d33af566c4a45696b8a09366ebe51b438e593928f90af4ce516,8d040fac95f0793a3b32b2d69e78e1bea246ca226a8451d85c667d967fc0f4e7,True,5
results/CICIoV2024/seed_46/nondp_local_10/iov_centralized_eval_summary.json,37de7e59282a1742205509fa924a27f7d58f309663e7149ac7e035abc80a73d7,37de7e59282a1742205509fa924a27f7d58f309663e7149ac7e035abc80a73d7,False,0
results/CICIoV2024/seed_46/nondp_local_10/iov_global_server_ensemble_summary.json,4ae63d2b04a051a22eeda394b845f221b7edad4d8fd204d4c024ec0cc8617825,4ae63d2b04a051a22eeda394b845f221b7edad4d8fd204d4c024ec0cc8617825,False,0
results/CICIoV2024/seed_46/nondp_local_10/iov_rsu_1_summary.json,b09e10c13c3d94ed482c7f929086aab9560b3f6434a979eb63ecf964f5ca09d3,b09e10c13c3d94ed482c7f929086aab9560b3f6434a979eb63ecf964f5ca09d3,False,0
results/CICIoV2024/seed_46/nondp_local_10/iov_rsu_2_summary.json,c38dd5da7eb257a81c1cd939aa2125d7036ac62aa3e0d190354c4a8bd755c95d,c38dd5da7eb257a81c1cd939aa2125d7036ac62aa3e0d190354c4a8bd755c95d,False,0
results/CICIoV2024/seed_46/nondp_local_10/iov_run_config.json,788ae46c7c5e506a441970eeac08956e309b0cd5519c44fd0bd879da502a5a74,c7ca9f2dca029c83c47c1f8cdb023a93b2323649177b7b8ae8cd452dba685a7c,True,3
results/CICIoV2024/seed_46/preprocessing/CICIoV2024_manifest.json,f7fcfd78f457b949a5c50d3aa0cd1b3c8e44abb1930a344ee07bfd49a5a158a4,bbc62e45d590f02c087271b0729bbdf2a3482f529f5769a792b29f9b94e41cf7,True,7
results/CICIoV2024/seed_47/centralized/centralized_xgboost_CICIoV2024_summary.json,7d42fbb4cf37642f43d05961f899a6964c732cf1f75c12311166738b98d4a7fa,423002d7155fa98a38170aa13b4635d85ef7a2934181de6e05d0d1e2e5cde418,True,4
results/CICIoV2024/seed_47/centralized/centralized_xgboost_run_summary.json,74b563248676a674951753c5353861f41c23dcc90104a8a92204f20c028a4f41,443f7217fc3095074021f4af931df25dbdb93a0cd9669ec943bcb6bb4c06ab0f,True,4
results/CICIoV2024/seed_47/full_dp/global_ensemble_summary.json,7d31ae80e439d57d82ac56898ee29c48dc2ecab4769a769e7193d02b73880bfd,f6e5a0f81d3bb4466702876246b91d52670246d4ada72de33dc34f3e526d3d96,True,3
results/CICIoV2024/seed_47/full_dp/iov_centralized_eval_summary.json,03acfa2f8289ebc7d32683f1dee3027a7d6967cb95b5fb55488da6f66b536c12,03acfa2f8289ebc7d32683f1dee3027a7d6967cb95b5fb55488da6f66b536c12,False,0
results/CICIoV2024/seed_47/full_dp/iov_rsu_1_summary.json,6e69d78dff8958652733f3d90df5012891f0ca8234531b11cd8582256c542957,86bc081cbd170fedab5116a868aa34e700386207d66e44af163a13d2c04c4dbc,True,11
results/CICIoV2024/seed_47/full_dp/iov_rsu_2_summary.json,2621f8fe5b9c3ec1ab3bb48a4222e94672c90614b339a0694b37289247f1e279,7a72107fc4b597bf393bc8ad9c957f610a28e765998da4b7f9d1a01b0e976e53,True,11
results/CICIoV2024/seed_47/full_dp/iov_run_config.json,e10cb771b444e1ebd41c63b69174d86b782243b2a5cd8b84e64a917ecc817314,e8b535cfe2ae24433ca64608b0333b4f1f82ac026c9ec51ece9348c8e538ffb2,True,3
results/CICIoV2024/seed_47/full_dp/zkp_anchor_gating_manifest.json,a4d11ee22a93d70052ff789b5736e443278cc2324920461eba19c062dc473c75,53593dcd970993c96f2120d65de89e25d2f08289d048f58090e6bf709088ba00,True,5
results/CICIoV2024/seed_47/nondp_local_10/iov_centralized_eval_summary.json,5f6e31ded347fec371ae5301cea416a1526b0626b9751b26c9861b8bb48b74b0,5f6e31ded347fec371ae5301cea416a1526b0626b9751b26c9861b8bb48b74b0,False,0
results/CICIoV2024/seed_47/nondp_local_10/iov_global_server_ensemble_summary.json,9b6582b37eaf2fdce2aef94004eb8269b9fc30619525f6c04b2834291121e821,9b6582b37eaf2fdce2aef94004eb8269b9fc30619525f6c04b2834291121e821,False,0
results/CICIoV2024/seed_47/nondp_local_10/iov_rsu_1_summary.json,49c9e51316259d75979e4d8ebfb14d037954878ab4d46fb52c44066a0c19b4eb,49c9e51316259d75979e4d8ebfb14d037954878ab4d46fb52c44066a0c19b4eb,False,0
results/CICIoV2024/seed_47/nondp_local_10/iov_rsu_2_summary.json,e82e9b0405d011f1d6af4aad1c953bc44a12df025e5ae83cc72b34dffe8a9d49,e82e9b0405d011f1d6af4aad1c953bc44a12df025e5ae83cc72b34dffe8a9d49,False,0
results/CICIoV2024/seed_47/nondp_local_10/iov_run_config.json,1f482da43ca1aec7ac01c0f78f5e47f574fa1e70143a8f47d831533371cc6fc2,1202e092d51edf1abea2da921ca669bc42d3b1f4476e74fc4677c6837917c958,True,3
results/CICIoV2024/seed_47/preprocessing/CICIoV2024_manifest.json,49db28168526b3add38c51e4220137327ccd742e3e60e7b9f777125c95305995,157fe6830e9ad273d88c03331ba950a2d45a9964527fde846d8deb8b0711d08d,True,7
results/CICIoV2024/seed_48/centralized/centralized_xgboost_CICIoV2024_summary.json,256296efdf398023c351f1e00a700fc8d6d6db8c6e4c1a806939126eeb1c8bd6,0aa823f7ff3f87b8f699cea30588ccb36b503d569d38ce1bfc360c6beb604b06,True,4
results/CICIoV2024/seed_48/centralized/centralized_xgboost_run_summary.json,d434f191b02419b59f87102c67e0cc193943a0b154a8d1ddf48e9fa610fbc8d7,54652ad58d833c815038f6eac3c73667249352669874eb8e416358b4b16059f4,True,4
results/CICIoV2024/seed_48/full_dp/global_ensemble_summary.json,727b551fa5123922445bba323a014655b5c17644f23e2f0e14c6003d899e0eb5,7a2af39e0c5e0977432e7d0dfdf5d794a16dcb9719d6a0fd6e71466cda88c5ac,True,3
results/CICIoV2024/seed_48/full_dp/iov_centralized_eval_summary.json,f14179dc15d23cb78f1aae2866e651ded156604d063de537dcaeecb6f5e15467,f14179dc15d23cb78f1aae2866e651ded156604d063de537dcaeecb6f5e15467,False,0
results/CICIoV2024/seed_48/full_dp/iov_rsu_1_summary.json,1db95db2240a1675de7a612ea357237760c0f8c41ff880d32cf2775eb1545041,e148c2f7f12a9ae490737116242240e67685f32fa234fdc1c285ccb84c4201a9,True,11
results/CICIoV2024/seed_48/full_dp/iov_rsu_2_summary.json,d90bad2971fee12c8373df1f901ce8a07d42ae423e3bc4434da2231a9acf3678,a0995b7a4736a5b1ed5efb611fc6dae5160c73ff95425245b71e58bafa1e7f7e,True,11
results/CICIoV2024/seed_48/full_dp/iov_run_config.json,313815c54f0aab7f277ccf316e99f8e9119ceebe7c7ed7e06eb8ccecb3507fe2,5993cc9122df534bb01648522da8115ed702ee1e95a7e9cfedfb57350f100bd0,True,3
results/CICIoV2024/seed_48/full_dp/zkp_anchor_gating_manifest.json,8413bed3a2d796b3ffd203c31afe08ec1611e4b2076e8621c082b12e519dee38,b33c56ef722d1cbccb74bc4505af6fb0cfc52196f21ac6b1bd728821fa447aa1,True,5
results/CICIoV2024/seed_48/nondp_local_10/iov_centralized_eval_summary.json,ec754f62b8df4d6143f971a98c5d5ba2bb3a0904e5646c29f0422ea6de9470c3,ec754f62b8df4d6143f971a98c5d5ba2bb3a0904e5646c29f0422ea6de9470c3,False,0
results/CICIoV2024/seed_48/nondp_local_10/iov_global_server_ensemble_summary.json,d053cf99ac5e609165b525d4993a6294789591bedf28600a373d9753d47d7385,d053cf99ac5e609165b525d4993a6294789591bedf28600a373d9753d47d7385,False,0
results/CICIoV2024/seed_48/nondp_local_10/iov_rsu_1_summary.json,bfe8c63f9470793da267675879e04ad877d10eabfe3ce631a7f072c559cfc4ca,bfe8c63f9470793da267675879e04ad877d10eabfe3ce631a7f072c559cfc4ca,False,0
results/CICIoV2024/seed_48/nondp_local_10/iov_rsu_2_summary.json,1a6c416baba81d9d72e98b04cabf4efaea7d357fc53cfa59a8517255b68fe3de,1a6c416baba81d9d72e98b04cabf4efaea7d357fc53cfa59a8517255b68fe3de,False,0
results/CICIoV2024/seed_48/nondp_local_10/iov_run_config.json,93be931ae0d2f361159793430f3588de96aa76d01db7695af0df9b1e2bd0839f,b6c07f094ee806ac511a80e60c0969d8671b012d649baa282256aa363bfcb4d9,True,3
results/CICIoV2024/seed_48/preprocessing/CICIoV2024_manifest.json,cfed1f0a5cf1abb92da5000bb29bfd3a0c0ed925e5447a5573854b4479c92aa3,f8f3c9195eb39a1db4166d906fde3246143a433b339fc0e3e4fecbb5a034c712,True,7
results/CICIoV2024/seed_49/centralized/centralized_xgboost_CICIoV2024_summary.json,ec1ed9b519a799570ad3d5a72ef1baf0d8dd36610138e8e734f51e6e150fa351,9f1edd03364d95b886f0b208ba08b7d7e59730df4080fa038feb70e8acf25572,True,4
results/CICIoV2024/seed_49/centralized/centralized_xgboost_run_summary.json,d1347428ef56b7a8fa0ec492a74f9e30ea1cfbe336c0a4781c847c7eb7186b73,d31bca21f4748611d3a2be61e264ed1c92d5a5ca6eba5d03d383698369499f1d,True,4
results/CICIoV2024/seed_49/full_dp/global_ensemble_summary.json,cee97199e71a432931ac70def26d945f1edc384b794f1d56ca8e3a1b43154471,0a64f5fe21f109a594235743cbc33fbdabd0f474423182eb679a50946ce186cf,True,3
results/CICIoV2024/seed_49/full_dp/iov_centralized_eval_summary.json,b676edb4985653a6c56aab358a1962fd8826a72292e951abbbd58fa90dceab17,b676edb4985653a6c56aab358a1962fd8826a72292e951abbbd58fa90dceab17,False,0
results/CICIoV2024/seed_49/full_dp/iov_rsu_1_summary.json,730a5aa09bdf4a2f302a206fe0e134951891c6cf93e1878429e5e5c4fdc1d9a1,a1cd90a9b5ace79344b1032961b6f68c0bcd76294513df65b39d960be826f365,True,11
results/CICIoV2024/seed_49/full_dp/iov_rsu_2_summary.json,be4cfc284414e545dceb252e97af6b3bcf7a49020b14d3d8753060e3544e7873,57feb2221ff7ec616d0476dd346a7585b0e4f97f33909b570f1f5f3abb00012b,True,11
results/CICIoV2024/seed_49/full_dp/iov_run_config.json,0581dd87774529fa18ea46462de0dbcd9beb53e81eaa3041a56c60e0be1b675a,d6643ecba5500170adac3d3f04135d92c2425c75a0920853d18d95aec50f4a06,True,3
results/CICIoV2024/seed_49/full_dp/zkp_anchor_gating_manifest.json,24c5e3da49b47c57b54b8cd6a8d7e981c5f2158d48ef73ae7fad2d4861de2c28,14e5609970d81c9f52a38c2a708bc27ad13ffd9c2db34049075be063971951af,True,5
results/CICIoV2024/seed_49/nondp_local_10/iov_centralized_eval_summary.json,699c3d99dbf1791db5d3cb84e26f80bcb495f8a2058f6de742acc0324a4cef23,699c3d99dbf1791db5d3cb84e26f80bcb495f8a2058f6de742acc0324a4cef23,False,0
results/CICIoV2024/seed_49/nondp_local_10/iov_global_server_ensemble_summary.json,ccb68b50a15741f4d213eef03d37d95de174b28f0fea67b63258371b41a342a4,ccb68b50a15741f4d213eef03d37d95de174b28f0fea67b63258371b41a342a4,False,0
results/CICIoV2024/seed_49/nondp_local_10/iov_rsu_1_summary.json,81ad3e8bd86b3c26cfac4e838f8bb7a7b03a612e13ef8ce34311e238b580326c,81ad3e8bd86b3c26cfac4e838f8bb7a7b03a612e13ef8ce34311e238b580326c,False,0
results/CICIoV2024/seed_49/nondp_local_10/iov_rsu_2_summary.json,aa594681fb4d122cbb36bfa17a586c60ab4e3fb8a45da9d9adb1bb3e411bbe13,aa594681fb4d122cbb36bfa17a586c60ab4e3fb8a45da9d9adb1bb3e411bbe13,False,0
results/CICIoV2024/seed_49/nondp_local_10/iov_run_config.json,21e7c0108df54a2a29a803071b89f448946abf3947f51573eb0de0df44987047,5bba18ee4e19b84d6ba6383f2d62ebdab9529255597daea914c1b92d2983ae03,True,3
results/CICIoV2024/seed_49/preprocessing/CICIoV2024_manifest.json,88524b95ecf8b9139dae8f63846d24e8a4e513b7f7a06852c824721f3de443d4,67360c2abaf9340b5b140aa2c7b8258f195e5366ac5601838ecd679731cffce9,True,7
results/CICIoV2024/seed_50/centralized/centralized_xgboost_CICIoV2024_summary.json,d8fdc2d430ba81693cfde153270f082fd5ed89e2cd2db137f20b11af54f0f5a6,d9cc8e352c452fc0ce058bc2b7aada8ae2ef58687ed033bcabfa215fae9f3873,True,4
results/CICIoV2024/seed_50/centralized/centralized_xgboost_run_summary.json,6abc52b45bfcd1fb00aa2361ebadb50f773e06f311a3e67b3683d7059e01312f,fdc3b574b2074211dfd7f5967ac1a779e860a9c9fe61d0d23a6f7970d5af8672,True,4
results/CICIoV2024/seed_50/full_dp/global_ensemble_summary.json,657976966f8e545c091568ef24e465a985dc3ab4af2e6968d3b563248a74d03c,d8544131e3e7b8ac3eb1a8865236fc6ad6f2a48f218df6516e8f1087a9a83789,True,3
results/CICIoV2024/seed_50/full_dp/iov_centralized_eval_summary.json,46fac57f379c02d23e0b1094f0bb8ebb13256ac1fa8158b0f1aec92237a28546,46fac57f379c02d23e0b1094f0bb8ebb13256ac1fa8158b0f1aec92237a28546,False,0
results/CICIoV2024/seed_50/full_dp/iov_rsu_1_summary.json,a260a1cbac1e3af40ea1c898e88e7cd2545420226139dac494479f870333d6d0,2b88bcb5c79acd8919c0274292d346d365a2aad14b852f1b3ac19ca0b37ef7ae,True,11
results/CICIoV2024/seed_50/full_dp/iov_rsu_2_summary.json,6dfbe71690ac08c318f7986d56526276159cd3ad4b4ee193231a9927c80616f6,ba05ce121c960ca192fc4e6736cd838ba7eec7337b0fb962ecb2920b2955f60c,True,11
results/CICIoV2024/seed_50/full_dp/iov_run_config.json,8a14a1769b7a902e5073a90feaf9cd2b5f072e89c630e14d006e3eb315b08616,14a62c753136863619d8d5ea82d4a8f979478ab5ad431b50c40eed8a3cee5042,True,3
results/CICIoV2024/seed_50/full_dp/zkp_anchor_gating_manifest.json,7d7df10746cd9d267a9cec16c8c16ee6c26df31fd6e1cbd318c126c711592123,877eb748f4f6e2c2379fa9315cd255ba9ae1dcf0903f14c9f610046355455c53,True,5
results/CICIoV2024/seed_50/nondp_local_10/iov_centralized_eval_summary.json,a2d050b6311c594d1d431a2fbf45b4023a6e11ac9b2912530f33b081d1cacb51,a2d050b6311c594d1d431a2fbf45b4023a6e11ac9b2912530f33b081d1cacb51,False,0
results/CICIoV2024/seed_50/nondp_local_10/iov_global_server_ensemble_summary.json,d518e6fc70cec351d327ac7b5c1142642ca28c01317e205bb4858c96c0c30fc7,d518e6fc70cec351d327ac7b5c1142642ca28c01317e205bb4858c96c0c30fc7,False,0
results/CICIoV2024/seed_50/nondp_local_10/iov_rsu_1_summary.json,bc746ab3f3478f1b7cfb735bb7f25e0a0644ad1014992b713bc859457ce19bfa,bc746ab3f3478f1b7cfb735bb7f25e0a0644ad1014992b713bc859457ce19bfa,False,0
results/CICIoV2024/seed_50/nondp_local_10/iov_rsu_2_summary.json,1c59fad890aeca8736200991794865d442a1e16edf306005512d47d075ffe27f,1c59fad890aeca8736200991794865d442a1e16edf306005512d47d075ffe27f,False,0
results/CICIoV2024/seed_50/nondp_local_10/iov_run_config.json,fd4ffdff8f613512b27aa305cb53ef22038c67dd24f8570e4e8cdc4029fa76c6,393a85e592bbd9884ee66b567deba807dd64eaa1ddc908ef6d210ad9da6c1c43,True,3
results/CICIoV2024/seed_50/preprocessing/CICIoV2024_manifest.json,76cd9ce76a0ef45856487a3a90d2b411976a45833c18e10c0402a11d1c135c5a,e2f02c86dd090497e27618b60c65575b34df0bc849459c6b7250f116e08b95f7,True,7
results/CICIoV2024/seed_51/centralized/centralized_xgboost_CICIoV2024_summary.json,93b4efdaf7ca2699743b804b1c7bb425b0fea94d7a3975c5cbb08a1842e06e74,26423b41be8eb479116f11a22d798a1b9b8b24deb0affe0c4d35ccb67dfbc5be,True,4
results/CICIoV2024/seed_51/centralized/centralized_xgboost_run_summary.json,6b3085ba8078540d154ded06a94906fe70a332f0c4a894cff29b12635f216ebf,6b2f0ad22e2d6f813fbd6ae9f4800539c068ea2ce64e10342fb3824f8e773a54,True,4
results/CICIoV2024/seed_51/full_dp/global_ensemble_summary.json,3253c8be1aa89e99d5613d5f1f662891a7e8c4bdaa0491411029e5e95abc5e92,a422473c20bc18d11bf138011d09a5cb6588493cdcb8678de79685d136b24db5,True,3
results/CICIoV2024/seed_51/full_dp/iov_centralized_eval_summary.json,d245d94183d8b71af9ff60a672f1ef2d3c5daab1825b514964108cd890a5f28e,d245d94183d8b71af9ff60a672f1ef2d3c5daab1825b514964108cd890a5f28e,False,0
results/CICIoV2024/seed_51/full_dp/iov_rsu_1_summary.json,0278913eff5d91484cb227249738f84b772e38c080f72fe5606e6ac33dacf8b4,1a83cd19e94c0092d05bd9bc642874979acc99210e1723306647470ebfec5e7c,True,11
results/CICIoV2024/seed_51/full_dp/iov_rsu_2_summary.json,a67165d48cc40d3eeb4b021e0bdf5beda4b4f31728b16ac9559028b0df155010,8e2c0fb44d2eaba6c18da75cd3d6f1f82f884adfbbdb3d8ed295e89d26ff014d,True,11
results/CICIoV2024/seed_51/full_dp/iov_run_config.json,4e15dc6637b6c2ea7f335bd8ce29379b3f9bdd6d4358fa81b2c40155d7fbe188,25247e70b12d8be76055b81d37c3d3076d275de01e628b6d449f7d362a4df89a,True,3
results/CICIoV2024/seed_51/full_dp/zkp_anchor_gating_manifest.json,e16ffa3cf50eade81cf042f77a1f6abab15d2807d0ec60aab3b0a8d89c80da4f,99f7071f766bfc32a631c35c3288ab3f66d71ce7baa12238f7c761e49df7a2e9,True,5
results/CICIoV2024/seed_51/nondp_local_10/iov_centralized_eval_summary.json,9507260d36eb17887c4d1587031c09548ff81012bc57716754bcdbbc4638d082,9507260d36eb17887c4d1587031c09548ff81012bc57716754bcdbbc4638d082,False,0
results/CICIoV2024/seed_51/nondp_local_10/iov_global_server_ensemble_summary.json,a6e9a7211079714b126df84603fc5ea402677b3e1f0a7a47364e7abe27101f95,a6e9a7211079714b126df84603fc5ea402677b3e1f0a7a47364e7abe27101f95,False,0
results/CICIoV2024/seed_51/nondp_local_10/iov_rsu_1_summary.json,97990b233f62b3b0f60dca9be67c859b0c15d8abd349231a6c69be0b39d901e5,97990b233f62b3b0f60dca9be67c859b0c15d8abd349231a6c69be0b39d901e5,False,0
results/CICIoV2024/seed_51/nondp_local_10/iov_rsu_2_summary.json,e6cc489022a1d01044b983ccf1c8c10668b479fd7ffee03b7c76ba1013f386b3,e6cc489022a1d01044b983ccf1c8c10668b479fd7ffee03b7c76ba1013f386b3,False,0
results/CICIoV2024/seed_51/nondp_local_10/iov_run_config.json,42b2fe6a094964361d125d0611cb798735ef97ba50a896da6b8a7ec675e5fc27,a69651ce25ae2e6faca6a36f1e23d74dab6f47b9122e610db26ff8ee94b4ce6c,True,3
results/CICIoV2024/seed_51/preprocessing/CICIoV2024_manifest.json,b5015e7cdb718fd6076422b03b6da9f9154b750f86f5fce38abc3a6d8ae649bc,ac3fd3fcd923b37d3150fe65a5dc18698ca6bca5f94cc57ee50dd8e7a3c5548f,True,7
results/CSECICIDS2018/seed_42/centralized/centralized_xgboost_CSECICIDS2018_summary.json,2cc01bd7c6d2fa6086240e9da1ea63adf8d9a65eb3563c5db7eed67a76ab2c72,5b78f4eef9b2c8e40db1bcfdc941183d5190d9864a2264f86d515b308b104f38,True,4
results/CSECICIDS2018/seed_42/centralized/centralized_xgboost_run_summary.json,aea90b437364b7bfc1c0d1f8541292c4114ec79fde63faccb785ebff66c5d128,73ee04df95e6e75a0c69829ac0967172078f7fd62184d46a89e8458be1e4382e,True,4
results/CSECICIDS2018/seed_42/full_dp/global_ensemble_summary.json,f78a69592a783aba73afb74741a38faa5fb970dde3fc26326092242714fd7746,d9825b765c603e520bdfe6bd4f09ee057ec1b49df7f10f917695e8da08b55f78,True,3
results/CSECICIDS2018/seed_42/full_dp/iov_centralized_eval_summary.json,e40b5aeb8f2bffa8ea03ea0f267631b67da715dec5c1d10b09c29f9035caf4e3,e40b5aeb8f2bffa8ea03ea0f267631b67da715dec5c1d10b09c29f9035caf4e3,False,0
results/CSECICIDS2018/seed_42/full_dp/iov_rsu_1_summary.json,7039b59acdc369e4f20932c48bd9a81ed0c5023e8efea94cea3a0f62c2edff86,df82286dcf62ab5979863779f3aa53e40c9e58a728257572faca3f3f85a1e449,True,11
results/CSECICIDS2018/seed_42/full_dp/iov_rsu_2_summary.json,ae14fb167eb5ef8dfbc19d98218c5aae3f6d625c74b71b7aa38f331a38bf4d7b,5a1d4676d398dd66fa1a3647fc94d0aaaa9d185a73375de2941cd8fc0b1b3d59,True,11
results/CSECICIDS2018/seed_42/full_dp/iov_run_config.json,5d84169cda074c8316effcd9f1c61a71d6f2718d14bda087bb69a064701514fd,9331210cf5e5cce9301caf076c74f7ce2de6f253edbd67f8c31f28ba5ddbb63b,True,3
results/CSECICIDS2018/seed_42/full_dp/zkp_anchor_gating_manifest.json,02b5612ca601f5c18dacd490de3603497df107c186d913b9c16c622fea966d5f,8910b02fe8232a1f930029e12a5fcf036e122482f0cddb2b153d667774677922,True,5
results/CSECICIDS2018/seed_42/nondp_local_10/iov_centralized_eval_summary.json,e3eade65b6db4460f5cae82b49b977f1d02bfb02c68d09bb759d193235277e79,e3eade65b6db4460f5cae82b49b977f1d02bfb02c68d09bb759d193235277e79,False,0
results/CSECICIDS2018/seed_42/nondp_local_10/iov_global_server_ensemble_summary.json,066fe364baf26246cb3837a7d395d099b1027bb070ce0e00d3a11f0bae2d78ee,066fe364baf26246cb3837a7d395d099b1027bb070ce0e00d3a11f0bae2d78ee,False,0
results/CSECICIDS2018/seed_42/nondp_local_10/iov_rsu_1_summary.json,92a98feb37c89b7f5eeadebc0beb14ec41e7e5f4baec208840dfb47518ebebea,92a98feb37c89b7f5eeadebc0beb14ec41e7e5f4baec208840dfb47518ebebea,False,0
results/CSECICIDS2018/seed_42/nondp_local_10/iov_rsu_2_summary.json,9091ff35f059592a17d3e74bf141016ff3d3afe1d6bae4695054f06d8b3b8c31,9091ff35f059592a17d3e74bf141016ff3d3afe1d6bae4695054f06d8b3b8c31,False,0
results/CSECICIDS2018/seed_42/nondp_local_10/iov_run_config.json,c4661bde77094d8e613450088db51a24357892504b3148fba31a01341ad1405e,ad57fba868b8ce7f31fcc24f861447c63ee03b5eb1cdae8769855f760d1b9366,True,3
results/CSECICIDS2018/seed_42/preprocessing/preprocessing_manifest.json,aa5207963c1559ccade3bb020ebf075b45e6f4c2cae878ed73866b5755c44afd,4fe302a547a40cafd02cbd66d539b19758b5f282dc61df4a142bf8a6309fcaf4,True,10
results/CSECICIDS2018/seed_43/centralized/centralized_xgboost_CSECICIDS2018_summary.json,0d1a9a4a34fcf52daafa8e9a3731148725e9ee3723c58620b173059f0c9fe5cd,ae052a2bd4741df00099942fadca54264e4de0e6873c2b4134fce7d46b030770,True,4
results/CSECICIDS2018/seed_43/centralized/centralized_xgboost_run_summary.json,513cca880848cf69f7c12802ee9b6e527cc680baa46b94f92cd00651aa198378,3b537667f0146ed8f1f13e414be6c1dbf9cc4fd59dd7a6371a25eb46c0c7ebae,True,4
results/CSECICIDS2018/seed_43/full_dp/global_ensemble_summary.json,4040644c7ec54b152d60957fb0a561ef39f5dd35a2f1cdf3cf3ce817a029f320,802503dde403c0f63937e091deedc05e24a938c5b653886b561cdf630cfab4c1,True,3
results/CSECICIDS2018/seed_43/full_dp/iov_centralized_eval_summary.json,723cfb8c00bc854d9c9c56949426e803a83d03a901cdabe97dc41ac682d0eed2,723cfb8c00bc854d9c9c56949426e803a83d03a901cdabe97dc41ac682d0eed2,False,0
results/CSECICIDS2018/seed_43/full_dp/iov_rsu_1_summary.json,df89d677fa5620576a241a4bf052bba908e35192ce792c02fd9ba46710999c69,cc1738d3abe1ac893a07ac30588fa4b01ff58eb864906c68698af403c956da6f,True,11
results/CSECICIDS2018/seed_43/full_dp/iov_rsu_2_summary.json,a783cb6e6a8b415c02e038f065f81af8ff4c96ede288c08541a7f3e2514dbd88,3babe3873eca90907e92ea4146e979523dd8541015b1d24722bd4b27dd23c7ac,True,11
results/CSECICIDS2018/seed_43/full_dp/iov_run_config.json,6f235795da3dead5bee6003b0657a6ae3b54687aebe3ef62be2046dffde90c7f,a5915b3e2c55ef64382318a457d2f5b93609ff7fc42f2f609159fe3541e972f4,True,3
results/CSECICIDS2018/seed_43/full_dp/zkp_anchor_gating_manifest.json,4daadd5f6e47e83412962e63c3ee2a8ed47cd39ca3de8ffde6fd99b68c793c93,309439f3d33461d7cca83194ba2e9a15fe751c32d235ab1c8da1cfacc32a4242,True,5
results/CSECICIDS2018/seed_43/nondp_local_10/iov_centralized_eval_summary.json,22e3107734219bcc19feccdca8ed831f12c35e22454bedeb1a0c14da4deba272,22e3107734219bcc19feccdca8ed831f12c35e22454bedeb1a0c14da4deba272,False,0
results/CSECICIDS2018/seed_43/nondp_local_10/iov_global_server_ensemble_summary.json,e01e80762ccce982efb10946718c3524368fce2260a9d261a7b2a117f65d37f0,e01e80762ccce982efb10946718c3524368fce2260a9d261a7b2a117f65d37f0,False,0
results/CSECICIDS2018/seed_43/nondp_local_10/iov_rsu_1_summary.json,ce513255e57459cf2fdd7142f33a7a7d65cf557af861bb8acb4e49d55869b610,ce513255e57459cf2fdd7142f33a7a7d65cf557af861bb8acb4e49d55869b610,False,0
results/CSECICIDS2018/seed_43/nondp_local_10/iov_rsu_2_summary.json,33083ab6d4c36516ff135ecffe0122078810ce531634506ebf207803045c7518,33083ab6d4c36516ff135ecffe0122078810ce531634506ebf207803045c7518,False,0
results/CSECICIDS2018/seed_43/nondp_local_10/iov_run_config.json,d8f740db2dfce909e08ca5a9e0c2ab89331a2039cb468b40e2d2f298c22a5865,90b82d5f05eb120db711c8ba629c18ce05772a6af569c93fe53243b782308908,True,3
results/CSECICIDS2018/seed_43/preprocessing/preprocessing_manifest.json,eb1c5a4cd82386c91637b778334f2037e79bab980a8d2a91efe4309d3d97ce6c,e79d3322a11d58f309bf563a45ecedd9c2b654da7893982c4b0e3b18c60884fd,True,10
results/CSECICIDS2018/seed_44/centralized/centralized_xgboost_CSECICIDS2018_summary.json,ecff66bde22d0034c6959831dd93f3397f533ee473c1232d40ba4e80e3b1cb9e,49823c68ebb680c7c0d74d0373ac9543688bf876482e162b6f589a23f6069115,True,4
results/CSECICIDS2018/seed_44/centralized/centralized_xgboost_run_summary.json,07eb00756f00162725ac14dfa6554509fcf5f245ebd498a165ac4a2aeec1748c,f2006bcd2e3be07a447bc10b730cc138ddc93cc41b862d96d0580b63693cc887,True,4
results/CSECICIDS2018/seed_44/full_dp/global_ensemble_summary.json,6781d01bf1382b2547d520fe5c7990c7382cbbc66ed76dbc767dc24b163196b4,aff81de2ff5d22eeaf042c5660f0925705ee2b075c30c4d205c233fef3a0a386,True,3
results/CSECICIDS2018/seed_44/full_dp/iov_centralized_eval_summary.json,80b313c85a1320a23a9fafb1bfd82584b59157d53643d324f5dcf325343f13f7,80b313c85a1320a23a9fafb1bfd82584b59157d53643d324f5dcf325343f13f7,False,0
results/CSECICIDS2018/seed_44/full_dp/iov_rsu_1_summary.json,514bee53f229c3512684c9849ef6705d85f00b27b8aa8bc8b412e1ef9b37259a,6622a3bbad6c5d11f5cb7b0b61aa69e14c6e007a4e5f55aee1a9eaed185dc4d0,True,11
results/CSECICIDS2018/seed_44/full_dp/iov_rsu_2_summary.json,0a30a9604050a07707586545486187a229cceec8273af4b17bdd5a0d6b3b1b03,945dd4fa0eb5e344bbc104ad1d8acde249afae42a753d05c4c5eb6a8f0b9f9d6,True,11
results/CSECICIDS2018/seed_44/full_dp/iov_run_config.json,fb500145e9e2439abe316f9785cd4aaad5485a751dcd5df3475877b24fc3ebe4,799e69b5682ef28b283ca585f3e73a6792e9504e84e6743016dad403ddbb2ed1,True,3
results/CSECICIDS2018/seed_44/full_dp/zkp_anchor_gating_manifest.json,300f717a9f93626c28c24d1c20ecb96a1c9d3c3c5e922b1b051238c7bb8bd7fa,5a853d7a8acf38338bf8fdcafe30bff10e73dea88360eea3bc7b40b516de9beb,True,5
results/CSECICIDS2018/seed_44/nondp_local_10/iov_centralized_eval_summary.json,7cb8b25fdd812e2305c50c876d6bf58c83207c9fd426e2b5678a49296fd2b569,7cb8b25fdd812e2305c50c876d6bf58c83207c9fd426e2b5678a49296fd2b569,False,0
results/CSECICIDS2018/seed_44/nondp_local_10/iov_global_server_ensemble_summary.json,33fe5f2eea6c8480488fd6b6afcf814defd51a9a5a5611eb86b97ffe2ce7bf61,33fe5f2eea6c8480488fd6b6afcf814defd51a9a5a5611eb86b97ffe2ce7bf61,False,0
results/CSECICIDS2018/seed_44/nondp_local_10/iov_rsu_1_summary.json,bd80e94e875f38027da1d8c65bc917ee952b88bdd8fe8eeafe2de3f7d953759d,bd80e94e875f38027da1d8c65bc917ee952b88bdd8fe8eeafe2de3f7d953759d,False,0
results/CSECICIDS2018/seed_44/nondp_local_10/iov_rsu_2_summary.json,4e7e1f719f68ac458a32a6c8023feeeb1ea58e5a3798f084a4a9ce04f58e12c3,4e7e1f719f68ac458a32a6c8023feeeb1ea58e5a3798f084a4a9ce04f58e12c3,False,0
results/CSECICIDS2018/seed_44/nondp_local_10/iov_run_config.json,341c1658c90e89fd850d3c4387d79106b40545e129edc26e3f8ae6d17329b34c,ca4bc8464fdfa405092f85d90b47e82a2226d598f6a892df958c64eb39b3dca3,True,3
results/CSECICIDS2018/seed_44/preprocessing/preprocessing_manifest.json,3559555848c5a5d07bcab88b1db959884f3f2378f0359b84fe52f5239a6e8224,407b7a2e1b1da0eecbdee0ba22be6190ebb48a1913e283172f1addb77718d8ba,True,10
results/CSECICIDS2018/seed_45/centralized/centralized_xgboost_CSECICIDS2018_summary.json,40eaf655b14a52cff07beff907085f95531da8d840314e28e9fe50c6509616a4,fe0a952d1500c55df5c697eb278fd52a279fa80e06f0e36e30b7eceeaca77097,True,4
results/CSECICIDS2018/seed_45/centralized/centralized_xgboost_run_summary.json,3063d2586773919d985cda35c8a1afe9aa6dc5912c3dbd340ae46f898717620d,1cf3d8fc39747c778c2086d5b820d496c70b2998b2061f8b4f882b44c5c8114e,True,4
results/CSECICIDS2018/seed_45/full_dp/global_ensemble_summary.json,258df43ec662aa49098f5eb2b5000144c7aae255431f805e1ab3fb3b8a26b141,a6ff0d3e64205ccce5b72ff0676a4831d1287bb3be7ed330a9936fa49ac1dd7b,True,3
results/CSECICIDS2018/seed_45/full_dp/iov_centralized_eval_summary.json,fdc820eea244687be675300bd43604d9fe8d3aba6edb4aa4eb8769343cba285a,fdc820eea244687be675300bd43604d9fe8d3aba6edb4aa4eb8769343cba285a,False,0
results/CSECICIDS2018/seed_45/full_dp/iov_rsu_1_summary.json,b173cfd3c84179bdab971bd0494fcdc05d653aa0d5a68b4bba55539c40f0b6c4,abaa562442049f0446b530811186141d2c473c3420f51a4c491608801706479b,True,11
results/CSECICIDS2018/seed_45/full_dp/iov_rsu_2_summary.json,59878153db6fca7b2c6d5344681a9f799ac59a1b7e0682a43fce7cba82b8211b,4b666b53f14be80e6956cd18db546c6eb9fc987030a4e63bf5e826d71928e62a,True,11
results/CSECICIDS2018/seed_45/full_dp/iov_run_config.json,d952fa5ae124f729020eb05c710faa315c05f385e37624ba071a06d4bc4028ad,a871fe5ba3676286a09fe2afb2f8bdba9bc3f5856b5d02c9b815ec12fc9a4867,True,3
results/CSECICIDS2018/seed_45/full_dp/zkp_anchor_gating_manifest.json,6669d537c94582f062ba6bf524f1fea37652914917b9216071fc87576a13fc25,79af323b6392b79e2ccd1943a5c5288a80d4287f067ace03c9ee7eede08565cd,True,5
results/CSECICIDS2018/seed_45/nondp_local_10/iov_centralized_eval_summary.json,13ce38a8e8c5f8be3b4cccaa673227e78b119a6df10c096ead46a255f93f7fc4,13ce38a8e8c5f8be3b4cccaa673227e78b119a6df10c096ead46a255f93f7fc4,False,0
results/CSECICIDS2018/seed_45/nondp_local_10/iov_global_server_ensemble_summary.json,4ee0160753df6ae05eec0866306adefc13521c99e9f3617c0b05346f88a35608,4ee0160753df6ae05eec0866306adefc13521c99e9f3617c0b05346f88a35608,False,0
results/CSECICIDS2018/seed_45/nondp_local_10/iov_rsu_1_summary.json,55afeca6cd50ab4b95f278e363bb351ffc7c1f57aedfe2f6f048742d2245075a,55afeca6cd50ab4b95f278e363bb351ffc7c1f57aedfe2f6f048742d2245075a,False,0
results/CSECICIDS2018/seed_45/nondp_local_10/iov_rsu_2_summary.json,f2c6db0f4785cdabd30425bc514dd108d5efe8afd957ff2e0efd442f163ae5d2,f2c6db0f4785cdabd30425bc514dd108d5efe8afd957ff2e0efd442f163ae5d2,False,0
results/CSECICIDS2018/seed_45/nondp_local_10/iov_run_config.json,23fb499fba4c292b86b4aa8ad870f5dbcbe82feae117ca5cc8610084a1b25376,053f88a1ad5230fc2b5f673d01385ad56c01d9bc5cb440d64fa6fcf68de072ed,True,3
results/CSECICIDS2018/seed_45/preprocessing/preprocessing_manifest.json,8673a0e6f495c9a01013c8107193e9db7ac10ca78a384db7e7bd51d39d3740e5,47f75831bc0ba18fd6436cbea622f036882b637947d56cccc9700d55dd3b52a8,True,10
results/CSECICIDS2018/seed_46/centralized/centralized_xgboost_CSECICIDS2018_summary.json,a91bca12864e3c37390b5658ede54ad4527e959a3f6317836a3be185822f5ac3,0a284ad53c934b0d062b6f797d9950d650fa263d34ee0e500cbde65358cb6f5d,True,4
results/CSECICIDS2018/seed_46/centralized/centralized_xgboost_run_summary.json,e4312037d3c044c7a0b22a96bf5e5ba1bab5b546f9303347423be0cac591a923,321330abb5e83edac3bbb366ed6e5b2b5865b5c2ffe76b7d143b9e43a32cfdb7,True,4
results/CSECICIDS2018/seed_46/full_dp/global_ensemble_summary.json,27a1edae419478ba750d5ced77e301be89891c26b325420bfac05dd9a6f062f6,9ab93992708751dae8c0c065db47e498b4e4dd155672f26925f53f313d29a68f,True,3
results/CSECICIDS2018/seed_46/full_dp/iov_centralized_eval_summary.json,8bd3dbdbc9ac3fafa6aad1040615324185b5b95e55a6a2e4b97c3b0b75f78bf0,8bd3dbdbc9ac3fafa6aad1040615324185b5b95e55a6a2e4b97c3b0b75f78bf0,False,0
results/CSECICIDS2018/seed_46/full_dp/iov_rsu_1_summary.json,fb9cc405e94b91e99c2e268cb5ce1bed1727b5edb47cd57b9ccd8893368802ef,7792ca5af16918b979e0bb3d9d48b2a438a05bbb707c8b0fbc506fdc693fcaa8,True,11
results/CSECICIDS2018/seed_46/full_dp/iov_rsu_2_summary.json,aecd209d3dbc7c12b00e184e4d2d0a6cd6d02a29191ff6e619f99fd3512d27dd,ed4affc60e47e3ce94cf3529bc41720eb62a484d89171b191eb49eee5d2371d7,True,11
results/CSECICIDS2018/seed_46/full_dp/iov_run_config.json,34f5d5bab3601121bd4da804fb351f32a196f083328d804d4eb804ec11501826,038f1d262862804f8374507fe44cc1af6351930ef9f2ecf8a3857e3b602ab9a6,True,3
results/CSECICIDS2018/seed_46/full_dp/zkp_anchor_gating_manifest.json,c6da3120c3ab6f6f674209aef6957454efd66cf1931488a4847d8094b3c06d1c,26bca5c019241e107565616bb4a15415f1b55fab523a47c3cad4e33942fcb650,True,5
results/CSECICIDS2018/seed_46/nondp_local_10/iov_centralized_eval_summary.json,c5ae60b2320f09684bbddca74200715226a793e69426e355a23032cb6da4abfc,c5ae60b2320f09684bbddca74200715226a793e69426e355a23032cb6da4abfc,False,0
results/CSECICIDS2018/seed_46/nondp_local_10/iov_global_server_ensemble_summary.json,2d3ba85ecac10dbfde2b4cb6760918ecd9e1670d18f74d3ccdae0a9acf579217,2d3ba85ecac10dbfde2b4cb6760918ecd9e1670d18f74d3ccdae0a9acf579217,False,0
results/CSECICIDS2018/seed_46/nondp_local_10/iov_rsu_1_summary.json,98285a05c2f790ea4f91bb8470a96f490cd567cbdbb64da185fdf45e0ada3b1b,98285a05c2f790ea4f91bb8470a96f490cd567cbdbb64da185fdf45e0ada3b1b,False,0
results/CSECICIDS2018/seed_46/nondp_local_10/iov_rsu_2_summary.json,c090f3938a67b2c2bad63c7e97ffae4c609bc9080c0d17b77c7bc382b0f92ecd,c090f3938a67b2c2bad63c7e97ffae4c609bc9080c0d17b77c7bc382b0f92ecd,False,0
results/CSECICIDS2018/seed_46/nondp_local_10/iov_run_config.json,d0dc36e0e940a000f8da896b087be74c103262a21dc9dc664f55245b132117d9,ebca55dae141024447a57d6c07a854cb03f96ad61b14af4193a1cfd25b37fc81,True,3
results/CSECICIDS2018/seed_46/preprocessing/preprocessing_manifest.json,3be3a4b557bd17c5c35b33b7f2845d4b4e38278124c2e3ab2ebf4dcdac10f73a,b3a8df0431bb1ecae7c704db9449f8955c34e856fe558ac39779288492486bc1,True,10
results/CSECICIDS2018/seed_47/centralized/centralized_xgboost_CSECICIDS2018_summary.json,1405020ac0e4cb1f001a97df66368e3c40160f7bf6ef39e881b20bbe55238621,bba9d022306c751114e96b4e079ee337adf700d11f32d456657a6e9d8a91f49d,True,4
results/CSECICIDS2018/seed_47/centralized/centralized_xgboost_run_summary.json,afc27abbf239387f73f0327f81474f1477acb53a45afc4a8391e10eca5ec9997,f3b56039799d719a86da3fd66831a4c337cd92cf56a42c933a78927983d32f67,True,4
results/CSECICIDS2018/seed_47/full_dp/global_ensemble_summary.json,2cfc121c85260a88e1ae39595a49ebb885f56967e9e282289b26abe5e65c1ff7,d2d68c310a1ff0c3577562915f28567a3f62b152ccab72270987ce895bf110ba,True,3
results/CSECICIDS2018/seed_47/full_dp/iov_centralized_eval_summary.json,18cefb733d74c0f6cab2378d91a570269ec77450eb9cd12d3bf5a978eb8305f9,18cefb733d74c0f6cab2378d91a570269ec77450eb9cd12d3bf5a978eb8305f9,False,0
results/CSECICIDS2018/seed_47/full_dp/iov_rsu_1_summary.json,debb37d21dd1773dcabe7de02bf9e377f07e9c9a508b439986bec36156bbfe85,5ac1143888b01144ba98011ef44813dcf8a16c2b88623a67ccb468a48aa9d9bb,True,11
results/CSECICIDS2018/seed_47/full_dp/iov_rsu_2_summary.json,93b4304636626ea6cef188130df0b4475631b5970c6e1d5d0cd5957c128804c8,6919cb92e2c61854917fd8ebcacd97f1d5969838792d263505a00f9c53ab4bb1,True,11
results/CSECICIDS2018/seed_47/full_dp/iov_run_config.json,108572a14c12390bc9455fab73ec3f1ed4add57d8db33e6f31be4fbda0f52845,2c208b9fc7f76a45ca5e43ad8286af892b401dc7545bbcb1752ed52ced83c90f,True,3
results/CSECICIDS2018/seed_47/full_dp/zkp_anchor_gating_manifest.json,6948edb61ce4697d0d94ac120a1fc2d08c1629a6c47cb902ce3cfd15db9e22be,f821f768e1284c5869be01559a8b4ff8ecd94b6ed9fe2dd4d7e0e4d3ded60c56,True,5
results/CSECICIDS2018/seed_47/nondp_local_10/iov_centralized_eval_summary.json,d95a0f1ff8a6367a90439d0942a0676fb1f3c6c9ee8c2850a8e6f7344993f948,d95a0f1ff8a6367a90439d0942a0676fb1f3c6c9ee8c2850a8e6f7344993f948,False,0
results/CSECICIDS2018/seed_47/nondp_local_10/iov_global_server_ensemble_summary.json,e66d20759695961edabb1e0a944cc6d07b09983e697529f7e46ef0cfa934af4f,e66d20759695961edabb1e0a944cc6d07b09983e697529f7e46ef0cfa934af4f,False,0
results/CSECICIDS2018/seed_47/nondp_local_10/iov_rsu_1_summary.json,d9194150d4616e91c402b57e931563fb99d70b29dd3caf7591fbc807f9d27901,d9194150d4616e91c402b57e931563fb99d70b29dd3caf7591fbc807f9d27901,False,0
results/CSECICIDS2018/seed_47/nondp_local_10/iov_rsu_2_summary.json,035860b9a680caa8444345b2e555a271063aaf8c215d0f221778969718c4b25a,035860b9a680caa8444345b2e555a271063aaf8c215d0f221778969718c4b25a,False,0
results/CSECICIDS2018/seed_47/nondp_local_10/iov_run_config.json,c830a7b88553c076e65af87eb42072c8a66830bfec8809e1e9c5eb502ba42068,d0e54fcda25a3baebd4fab53cd5ed3b32f5bc9d27aadf6c451c808359832093a,True,3
results/CSECICIDS2018/seed_47/nondp_local_10.partial_20260818T234506Z/iov_rsu_1_summary.json,6ed5dc6de16f0329ea11064f464baff0c76936f2d97b0631ef68fbfc0701370a,6ed5dc6de16f0329ea11064f464baff0c76936f2d97b0631ef68fbfc0701370a,False,0
results/CSECICIDS2018/seed_47/nondp_local_10.partial_20260818T234506Z/iov_run_config.json,c830a7b88553c076e65af87eb42072c8a66830bfec8809e1e9c5eb502ba42068,d0e54fcda25a3baebd4fab53cd5ed3b32f5bc9d27aadf6c451c808359832093a,True,3
results/CSECICIDS2018/seed_47/preprocessing/preprocessing_manifest.json,1e857f753f5b3306c7225b4f81b4c0f2d05b7c004b7f5e115a339064507f3712,f0101744de690b768d91ddf7948104567b20a07617f98413300df617189069ae,True,10
results/CSECICIDS2018/seed_48/centralized/centralized_xgboost_CSECICIDS2018_summary.json,7d797adf28ef040687e6d61cd004fe09ea0db9781bb6f9f084d88ffdd25d9fec,b522159244fa356265b539e9f8bf8249ff8ead2feee6e3efc7f4f7386008aa40,True,4
results/CSECICIDS2018/seed_48/centralized/centralized_xgboost_run_summary.json,3d91b60b4b01aea684fadf382ee3047dc5278f4672177f21059b5361773608fb,5084e8a6a37c752773c35686bdc1299c37eb05247698feda613cdccf38bb55f0,True,4
results/CSECICIDS2018/seed_48/full_dp/global_ensemble_summary.json,ca04f65a1a8a16050776c96c1faa9fc61c835238f5ffb48b03298f94fec7f596,4f2620a21ba48f843dfcafaa52deea9467e00693d9159234204ff2f641f9888b,True,3
results/CSECICIDS2018/seed_48/full_dp/iov_centralized_eval_summary.json,c2db83f8d759705b9531d10ed1318a0ea7932d237a4c92faec262834b43c740b,c2db83f8d759705b9531d10ed1318a0ea7932d237a4c92faec262834b43c740b,False,0
results/CSECICIDS2018/seed_48/full_dp/iov_rsu_1_summary.json,4acfd9fb7d387420d73da9219321515e82717bdc188e934afc6b8a19dea1f12a,e1e65abd8696f958fa93259281b8e86b45f6a927f9d02272a864cfab41f1bcc9,True,11
results/CSECICIDS2018/seed_48/full_dp/iov_rsu_2_summary.json,b7a8bde5ba462e8d4025c61e589efe5c8f5d77e0c2ffb5a90afafb82dc60a618,41e91d98d110543f26e111f9b169b3a370fdd6cd2f8393f44e09b27171edef81,True,11
results/CSECICIDS2018/seed_48/full_dp/iov_run_config.json,1721b39a9fd4fead9c33df9dfa28944eddcda1d4c4d2cfb1c7bd628097e0e9c9,cea0ed96389811740cadaef6589fe2fadac4bda9bc6529115833e0bdccf39842,True,3
results/CSECICIDS2018/seed_48/full_dp/zkp_anchor_gating_manifest.json,0ba7e46609b79b7d956a194f1801b76ba160d77cbb4ebd95dd6c2ee5cfa1611f,069df96fda94bcb6f83be8f4fab5532bc9873fd647b2cb17e6c68e411eac5bd3,True,5
results/CSECICIDS2018/seed_48/nondp_local_10/iov_centralized_eval_summary.json,865aba5ad55643e213a2d0153a46ed563f2c212e1a596275971a4ff995579fe5,865aba5ad55643e213a2d0153a46ed563f2c212e1a596275971a4ff995579fe5,False,0
results/CSECICIDS2018/seed_48/nondp_local_10/iov_global_server_ensemble_summary.json,84cf3c699b8222e4edf3783289e9b307f73aacce96353562f8264d4f33ac1823,84cf3c699b8222e4edf3783289e9b307f73aacce96353562f8264d4f33ac1823,False,0
results/CSECICIDS2018/seed_48/nondp_local_10/iov_rsu_1_summary.json,400ab7a33e0dbe09e4d1a25195fcd73b07a1217bc7ad39a9c3140490684b90f7,400ab7a33e0dbe09e4d1a25195fcd73b07a1217bc7ad39a9c3140490684b90f7,False,0
results/CSECICIDS2018/seed_48/nondp_local_10/iov_rsu_2_summary.json,dacc3b82e181fe32df446aea8784fd87f547de6176d0686d8bfad65626bfbdfe,dacc3b82e181fe32df446aea8784fd87f547de6176d0686d8bfad65626bfbdfe,False,0
results/CSECICIDS2018/seed_48/nondp_local_10/iov_run_config.json,2a5c81d548b914772e63520cdf3c7a188d8b98e579a9e33bec89320681f6184c,50a599ffd01f55cfb79f683fc9a547be156415634b332acd99b671c733213c5d,True,3
results/CSECICIDS2018/seed_48/preprocessing/preprocessing_manifest.json,a8b1ebb3351b2b13a679dde412d9f5148677351e4d5f6bd4fe2314208b5e49e1,b564821330cb860063b359a66a7bd45447223c651d8d74110fc88d851561cd75,True,10
results/CSECICIDS2018/seed_49/centralized/centralized_xgboost_CSECICIDS2018_summary.json,4859de237be13899546aa6986417ee3a7db82e4885eafcaf9aa948cd9b2700e2,71619478b97f1f7b21d9165f1071927723646303073a6b7d64cc842368830982,True,4
results/CSECICIDS2018/seed_49/centralized/centralized_xgboost_run_summary.json,91a4905409946daa8d637ad558f05659d2e98b7cb4d3b4bd7bedb2e04b6f2ae6,8f27c9ffb7342b99a36ff506f907ea9ffe6cbe33c10177f9b3d0180e51eb2527,True,4
results/CSECICIDS2018/seed_49/full_dp/global_ensemble_summary.json,b0bd981e4fc75209498f0e12a60fffbd9f494b45f24afd234a5d9abc1d91e1f5,f1bfe4e572e7348a563c2e02e1e323eeba48f70b8253a2f298cb0b2964755346,True,3
results/CSECICIDS2018/seed_49/full_dp/iov_centralized_eval_summary.json,40b3df52d099d446c757b5bca71b296afbad676e2ff763c20755ad8ebcdd9784,40b3df52d099d446c757b5bca71b296afbad676e2ff763c20755ad8ebcdd9784,False,0
results/CSECICIDS2018/seed_49/full_dp/iov_rsu_1_summary.json,4f95b5d4d33c68caed24d92cbdb7d071e373e9c5423b2912b4831c2da58bfbb5,64bc0e558f22aa4a84e3324479ac17b0e54197578d970042c049c5e139b55c7f,True,11
results/CSECICIDS2018/seed_49/full_dp/iov_rsu_2_summary.json,dbaaaee9c1a4279066eb011735da63c3968fd81c1fac69c7d6bfa783c3962881,8f8fc509cb743e7e9de1b95dd0c8373b8dfb3ab5ab7a5f89d3d5b474182d13f1,True,11
results/CSECICIDS2018/seed_49/full_dp/iov_run_config.json,12af678154f6e1d1727c0a55e27f5fd5d9f4bdd70debbb0cd785f437ba5f4c82,409401fc878f4429432b393eca4bc8ea0e412afa5406c9ec6ba518caa7110ea1,True,3
results/CSECICIDS2018/seed_49/full_dp/zkp_anchor_gating_manifest.json,1a955be1cae4c9cab60dcaff7d908251ce95fb1d9ca9eecdff0d81ba5cd564a6,7bb3ba4f63a3b3dd54f46d874303e33fd3313b506f7eada6a038544bc12afc2d,True,5
results/CSECICIDS2018/seed_49/nondp_local_10/iov_centralized_eval_summary.json,70ea9b34fad4849c3b714483c6d4decd271a23d0f6980f890ebdbff4f1f00182,70ea9b34fad4849c3b714483c6d4decd271a23d0f6980f890ebdbff4f1f00182,False,0
results/CSECICIDS2018/seed_49/nondp_local_10/iov_global_server_ensemble_summary.json,961ab2826df3b18ab2c0c975baba877768799bd2dfa897cbfd3204bfb97249ef,961ab2826df3b18ab2c0c975baba877768799bd2dfa897cbfd3204bfb97249ef,False,0
results/CSECICIDS2018/seed_49/nondp_local_10/iov_rsu_1_summary.json,93d5b1e9fcc45d1971e70b253705989661494da1900182954444b5625ea578a3,93d5b1e9fcc45d1971e70b253705989661494da1900182954444b5625ea578a3,False,0
results/CSECICIDS2018/seed_49/nondp_local_10/iov_rsu_2_summary.json,6e4bf2480aa9466ace2fa0ea2168023052e835be728fdbcf05c60ea7bda184ae,6e4bf2480aa9466ace2fa0ea2168023052e835be728fdbcf05c60ea7bda184ae,False,0
results/CSECICIDS2018/seed_49/nondp_local_10/iov_run_config.json,73226968fddd83c2c5e2a15bee6ae6897b2aed8bd3de84baeb3d50fa4ac112c0,1c2370506f7f70abbca13531e0c64e399b2ab5b0cd42f0bbdacdb8507863ed3b,True,3
results/CSECICIDS2018/seed_49/preprocessing/preprocessing_manifest.json,358fe818df0194c8696a17c8c85351067b29fa311fd7a190ffb5e6cc558c8a56,59c5762d26264ca5c0fb4eb2835796e9c72b802707b0c637058c71101c8b556a,True,10
results/CSECICIDS2018/seed_50/centralized/centralized_xgboost_CSECICIDS2018_summary.json,c6716767fd0070a392f6422108a62a621e7cb134df17adafe5d819781fff5724,ce27ed6781ada305dd8e66ca25bc559569a4f57a0242dd7e696108d2583cc832,True,4
results/CSECICIDS2018/seed_50/centralized/centralized_xgboost_run_summary.json,b278194c73835ff689123ae79f7edbf8de77b1145015208a1bd5e7aaed502a11,bb5693a850a9404cc608d24ddf5acd7b6f342a2cc8df62b27d2c69c947038b0e,True,4
results/CSECICIDS2018/seed_50/full_dp/global_ensemble_summary.json,15986f918ab4a5e1e0808dd5839e27d569e4cdd49acb64b6a5ca9eacaab3bfec,ca2205b567e4e1e3627d8ffe8887c0ae8f256ebf734da1b94f8999205a635cbe,True,3
results/CSECICIDS2018/seed_50/full_dp/iov_centralized_eval_summary.json,4e7669414fbdb81b16b37d7a617b0a1bebb84540bf182ec2d389caf45479e166,4e7669414fbdb81b16b37d7a617b0a1bebb84540bf182ec2d389caf45479e166,False,0
results/CSECICIDS2018/seed_50/full_dp/iov_rsu_1_summary.json,c630925d2b0b501bfeb168aac34b108c1e0639623c7ef1732c2d177e55853d82,f3080c7d70aa15ad261055f60c89926cd2d2df2049d140a6f53299597951cff5,True,11
results/CSECICIDS2018/seed_50/full_dp/iov_rsu_2_summary.json,39fdbbc73ff78f814a630b95aa3a72a4c1194b88bb747ab1a54e00950f54a04d,1059f189b8a43837d7f8bdc89e68dd103e44880013478f3a4fd2355d3c845f72,True,11
results/CSECICIDS2018/seed_50/full_dp/iov_run_config.json,611eeba68fba43585584126336d492157547d14c39a7b95f4522138e972c8014,bbeb6140c530ca594b58c9e7cd0fee05a03141f2a7d04e862894c579eab22c3a,True,3
results/CSECICIDS2018/seed_50/full_dp/zkp_anchor_gating_manifest.json,d0938f30499d87e985b63638d4ad76f20c5361f334eb1827da3b91043c886676,275f308620f818ce9c816e1983c18af615fe96eff5a46cd6d7d3babde61761b3,True,5
results/CSECICIDS2018/seed_50/nondp_local_10/iov_centralized_eval_summary.json,c3fc82c37da7dae74a95b94eae7b9fe3d155df2ba6859d102fd60775848a8b27,c3fc82c37da7dae74a95b94eae7b9fe3d155df2ba6859d102fd60775848a8b27,False,0
results/CSECICIDS2018/seed_50/nondp_local_10/iov_global_server_ensemble_summary.json,58315f1760ddce7642e9373dc2c5c35d74d084d58ad7a7b015f8f8860c53b3f8,58315f1760ddce7642e9373dc2c5c35d74d084d58ad7a7b015f8f8860c53b3f8,False,0
results/CSECICIDS2018/seed_50/nondp_local_10/iov_rsu_1_summary.json,ea482fa4e45a35be368e26fa05aac55e350e0ff2dc6a900e47e6c961c758aeb6,ea482fa4e45a35be368e26fa05aac55e350e0ff2dc6a900e47e6c961c758aeb6,False,0
results/CSECICIDS2018/seed_50/nondp_local_10/iov_rsu_2_summary.json,249106a4e8e4456cdd785a877029ee14207b595a893b67b43108bf44e78852fc,249106a4e8e4456cdd785a877029ee14207b595a893b67b43108bf44e78852fc,False,0
results/CSECICIDS2018/seed_50/nondp_local_10/iov_run_config.json,3bcb77266b08b0eacd2f1b49b5e2e0c6cda8a64c8de007b9d5691e6504bbc312,1607ecbdbf32c758b6e92057ba66cd004fce09a10cfda32850c54a7fe94415f3,True,3
results/CSECICIDS2018/seed_50/preprocessing/preprocessing_manifest.json,5dbe5652bd9b1daa4e2e65b5e600425a43945941077ac53552028ca5768573c3,0736ed3f02fa8aaaf8da6be14857f2ed7dd69a76af812b650bbe777817579e8a,True,10
results/CSECICIDS2018/seed_51/centralized/centralized_xgboost_CSECICIDS2018_summary.json,d693466a7adad69092ba14ff972a2de8995dbb51ce6dd2680a17a4b22330c06d,c83a94f5d3146d7e1f9b7f7b97798ec3b734d075d77694a77e6f90777635eed9,True,4
results/CSECICIDS2018/seed_51/centralized/centralized_xgboost_run_summary.json,0c884671bfa79d0a12d95e0e4dd03901c1ca0a260a4d3886b0c7715f1322cc62,df27c7d9a0b0e86ebfdebfbc1b826d6d61b6b8a4fcb483dbe44e1a1efc74eaf9,True,4
results/CSECICIDS2018/seed_51/full_dp/global_ensemble_summary.json,4982769328f414965b6c6404e29c65ad230509b55f10344bf5ea4c5728932563,684101dc70b7031777c29a5d61963ddc5e487b2bcbce2db6ec3d36dacf7312d9,True,3
results/CSECICIDS2018/seed_51/full_dp/iov_centralized_eval_summary.json,c42f7e29c5b015fac2a1560ca216d2f6cffdc98a27ff7c97b5f908720679d421,c42f7e29c5b015fac2a1560ca216d2f6cffdc98a27ff7c97b5f908720679d421,False,0
results/CSECICIDS2018/seed_51/full_dp/iov_rsu_1_summary.json,1367b02c42a1962ba16ab527e97a01fc4093cd5b57bd4f6811ae6e0fc6d1f8b7,472f81ba5990e0aa089b5cc2b02c919ef4d559d3e1c0db7c5a984c3c191f6d58,True,11
results/CSECICIDS2018/seed_51/full_dp/iov_rsu_2_summary.json,0e5f5509e5c05b822c58fd2331e92ec430675b2b0fbb18be7cd9a70210f637e4,f5e7cccc43daac0207391b0e521ccbbedfc56f6d5dbb38e8e16d3ecf9a975660,True,11
results/CSECICIDS2018/seed_51/full_dp/iov_run_config.json,90f4cc462c464a311c0fc6855f201757873742b0fe95b7cd9fe46acef55951ea,e04802abce217fe44c4c4f468eb73755d8f86c35769c15b588a6b9536ec21c4c,True,3
results/CSECICIDS2018/seed_51/full_dp/zkp_anchor_gating_manifest.json,b7fd406f2ca0c276a8c999c6a41916f8bdc45d24a881db3214a6fc28f4574aea,d96d20bfe1952a0b7701adf0eeb3bf6064c09da0562bd8087451c62ced948d78,True,5
results/CSECICIDS2018/seed_51/nondp_local_10/iov_centralized_eval_summary.json,70437c16912ed5ccae5eb1b435d896e26e3115fa42d72d2ad4e0029416657106,70437c16912ed5ccae5eb1b435d896e26e3115fa42d72d2ad4e0029416657106,False,0
results/CSECICIDS2018/seed_51/nondp_local_10/iov_global_server_ensemble_summary.json,999962b5df5eb48d842810953041a90c2002cc5ac38cc54023a2057592c56e74,999962b5df5eb48d842810953041a90c2002cc5ac38cc54023a2057592c56e74,False,0
results/CSECICIDS2018/seed_51/nondp_local_10/iov_rsu_1_summary.json,4c595b1107f666b880c17d80f325d97b2c3e3dcac4868d9f10de0b2ebb4fbb04,4c595b1107f666b880c17d80f325d97b2c3e3dcac4868d9f10de0b2ebb4fbb04,False,0
results/CSECICIDS2018/seed_51/nondp_local_10/iov_rsu_2_summary.json,66a67b7562402dcce5d691ce0a98e9bf331fe953c5e691b08ea31e6e06beceb7,66a67b7562402dcce5d691ce0a98e9bf331fe953c5e691b08ea31e6e06beceb7,False,0
results/CSECICIDS2018/seed_51/nondp_local_10/iov_run_config.json,fb8e02d752006f902df3263aeb1192afb0553a01f7efc6930f35665ff78d85a8,4d0e2947f4973d51f643457959e81bca7bfc30dc495cda5fca2c1f6e274c3665,True,3
results/CSECICIDS2018/seed_51/preprocessing/preprocessing_manifest.json,6a4ee2a91d2bf0fa5d8ed16271d0eb50dc424d09c51ade4e626ffaddd7f51092,95d4d04afa42f0c3015b1ad1ecf692d7c28d3b3205739fd4e95453f2294cd110,True,10
