path,original_sha256,public_sha256,modified
04_non_iid_stress/Reviewer_Concern3_Heterogeneity_Participation_Stress.py,5a34a0f415fd51a6b30c4058a09409fd423b68ad9ad93b0a6050967945c27bb5,9df4d0b5356b61b40e7ed7d7ff8b3cab60b2c231d4bb34a4f7ee0ca16d6c89b8,True
04_non_iid_stress/balanced_reference/REVIEWER3_EXPERIMENT_SUMMARY.json,0111f80d80476c0663f7fd3ed837a45834476b73752731095938cb0dd8802778,0111f80d80476c0663f7fd3ed837a45834476b73752731095938cb0dd8802778,False
04_non_iid_stress/balanced_reference/global_ensemble_summary.json,1ff692d2b8c3f3bdef19c2067898f88382eda700e05f947e0f45a1a627ea936d,6ca822fba9cdcb6c2a5b187a54112a90de7a66a9f04245b2a683f933f404b197,True
04_non_iid_stress/balanced_reference/iov_rsu_1_summary.json,767aefa3a80099666a4f9e112f2cfa3feadc25ae543af6e2b83eda25d96a7679,40113c1bb6bcb2869260e9539a5d8cf5e04c9dd03bb2efe671d02665eb30180c,True
04_non_iid_stress/balanced_reference/iov_rsu_2_summary.json,f166fcae7b7bf239f6dd61a2d9c00ca622ba20fba99d73dc299657041aad18e4,621c016720a99e352549c342efd84ada33d4b47e67ab2bb0cbd96dcc268b3b7a,True
04_non_iid_stress/balanced_reference/iov_run_config.json,e10516255d8aefe28d98baf91d378c436afb36cbb660e22be6001d6913aead10,e10516255d8aefe28d98baf91d378c436afb36cbb660e22be6001d6913aead10,False
04_non_iid_stress/balanced_reference/reviewer3_client_partition_stats.csv,7e0d0152fbae44bd5ba4ee36dd8ad35c4d5c03a50e627ed19b68def6c18d10ec,7e0d0152fbae44bd5ba4ee36dd8ad35c4d5c03a50e627ed19b68def6c18d10ec,False
04_non_iid_stress/balanced_reference/reviewer3_context_exclusions.csv,7eb70257593da06f682a3ddda54a9d260d4fc514f645237f5ca74b08f8da61a6,7eb70257593da06f682a3ddda54a9d260d4fc514f645237f5ca74b08f8da61a6,False
04_non_iid_stress/balanced_reference/reviewer3_experiment_condition.json,525f6e36c6914cdea5a7ab56961a4d4554810828407649a77d7449168e4ba5f0,525f6e36c6914cdea5a7ab56961a4d4554810828407649a77d7449168e4ba5f0,False
04_non_iid_stress/balanced_reference/reviewer3_partition_summary.json,63b5e7e423f1f8e01e9aa9ef0812cf4076a94c14e255023836b42bf23155d964,63b5e7e423f1f8e01e9aa9ef0812cf4076a94c14e255023836b42bf23155d964,False
04_non_iid_stress/balanced_reference/reviewer3_round_participation.csv,ebd74faa4a25f6387e86f017d9e92027d195cd75da830baee5d922c296c5a337,ebd74faa4a25f6387e86f017d9e92027d195cd75da830baee5d922c296c5a337,False
04_non_iid_stress/combined_stress/REVIEWER3_EXPERIMENT_SUMMARY.json,2d725151071d09ddf44b53e648c04b1644b1f2eb94497160f3f3f8898af3ecd3,2d725151071d09ddf44b53e648c04b1644b1f2eb94497160f3f3f8898af3ecd3,False
04_non_iid_stress/combined_stress/global_ensemble_summary.json,d916a6463d109dd4ee9d276fb8cb20c820cf89c1c7178249c30560e38f285892,a3db3de57cf08712b637d09d85e7ebae32bdf1daabeef8e728d91c9d5070c8ec,True
04_non_iid_stress/combined_stress/iov_rsu_1_summary.json,7628c0578adf889862090304f257d66a026083b5609405dfb6f51db6fedc987a,b073b43d3a4d442e63fb2c07c51c35d577df9854e5a2e28dad7d100a56006787,True
04_non_iid_stress/combined_stress/iov_rsu_2_summary.json,92ab0524f623665f5f8a7c030bfed8e2c4f25d8d6c7e2db5787f2291be7b9d14,74f68cfbacf0d0f174d83a1a23b8c3f7a003c9f8cdabf818f7a339b919396689,True
04_non_iid_stress/combined_stress/iov_run_config.json,971680ee7ef6eb89477e862fef785e0159d289704ccca613b4a7fd72e811dc9c,971680ee7ef6eb89477e862fef785e0159d289704ccca613b4a7fd72e811dc9c,False
04_non_iid_stress/combined_stress/reviewer3_client_partition_stats.csv,a9d6aedeed16f6b96119166164e7e81e9b5d53cdc2e06ff161c9b2e8aef54bb2,a9d6aedeed16f6b96119166164e7e81e9b5d53cdc2e06ff161c9b2e8aef54bb2,False
04_non_iid_stress/combined_stress/reviewer3_context_exclusions.csv,70e6b41995ca517369e287d230826cfabb729ca6f5d3b9cd1307d06bdca4426d,70e6b41995ca517369e287d230826cfabb729ca6f5d3b9cd1307d06bdca4426d,False
04_non_iid_stress/combined_stress/reviewer3_experiment_condition.json,231a1b77f0cdc09652ba05a003bcfdd4212a35f0ce67318e54760b1482b00258,231a1b77f0cdc09652ba05a003bcfdd4212a35f0ce67318e54760b1482b00258,False
04_non_iid_stress/combined_stress/reviewer3_partition_summary.json,5d8cfd8631ad78af51d8c2b48c5492e1d3122fcf887c4354674018172bf89f5d,5d8cfd8631ad78af51d8c2b48c5492e1d3122fcf887c4354674018172bf89f5d,False
04_non_iid_stress/combined_stress/reviewer3_round_participation.csv,019de104e5ee7a70c3832114b5be8b8a7e9df0d9852a1e2c1aa18f8f2a702f54,019de104e5ee7a70c3832114b5be8b8a7e9df0d9852a1e2c1aa18f8f2a702f54,False
04_non_iid_stress/data_heterogeneity/REVIEWER3_EXPERIMENT_SUMMARY.json,b1992e40fe1561787aaa20fb2b77a332a33987b6bb28718847d550226dd2f8f8,b1992e40fe1561787aaa20fb2b77a332a33987b6bb28718847d550226dd2f8f8,False
04_non_iid_stress/data_heterogeneity/global_ensemble_summary.json,676fecf10ff092c85a0306f8b9d29457d296cc3c9564d2158eaa8da77e704670,febc45d75b57b5a5199efe3f3039532a71cce52d8be385790e9e43cdaacfc00d,True
04_non_iid_stress/data_heterogeneity/iov_rsu_1_summary.json,03390c9a0c75caa21da70115a252d0a14d45786d6460da41f3edffd383af528d,ed3cbad584590ade0d725e4c663bb085d8d7e3d291247c9a8928527f77bc3727,True
04_non_iid_stress/data_heterogeneity/iov_rsu_2_summary.json,f78899b22dfc36f74a175459a96d81bbb5fb4d6de46e4be0ea861fcadee0aac6,b9cf86c88a6306152bdffe88756b612581304de0b787d7f88d74a556044549c5,True
04_non_iid_stress/data_heterogeneity/iov_run_config.json,dcafdad9c73d7192f6620b1f67fa570e27f4d6e0e8c3672c7160f0c50df19c3f,dcafdad9c73d7192f6620b1f67fa570e27f4d6e0e8c3672c7160f0c50df19c3f,False
04_non_iid_stress/data_heterogeneity/reviewer3_client_partition_stats.csv,a9d6aedeed16f6b96119166164e7e81e9b5d53cdc2e06ff161c9b2e8aef54bb2,a9d6aedeed16f6b96119166164e7e81e9b5d53cdc2e06ff161c9b2e8aef54bb2,False
04_non_iid_stress/data_heterogeneity/reviewer3_context_exclusions.csv,7eb70257593da06f682a3ddda54a9d260d4fc514f645237f5ca74b08f8da61a6,7eb70257593da06f682a3ddda54a9d260d4fc514f645237f5ca74b08f8da61a6,False
04_non_iid_stress/data_heterogeneity/reviewer3_experiment_condition.json,2f1a6dc52aec30e9394627cae303ee2d0385fbf72613cb39fe20f2c9f46a56be,2f1a6dc52aec30e9394627cae303ee2d0385fbf72613cb39fe20f2c9f46a56be,False
04_non_iid_stress/data_heterogeneity/reviewer3_partition_summary.json,e5403b3c4eced7d92cd8d7d9164f1d0a2d03af37255ec1d978ab5a69cba7a93a,e5403b3c4eced7d92cd8d7d9164f1d0a2d03af37255ec1d978ab5a69cba7a93a,False
04_non_iid_stress/data_heterogeneity/reviewer3_round_participation.csv,ebd74faa4a25f6387e86f017d9e92027d195cd75da830baee5d922c296c5a337,ebd74faa4a25f6387e86f017d9e92027d195cd75da830baee5d922c296c5a337,False
