dataset,method,metric,n,seeds,mean,sample_sd,reported_ci_low,reported_ci_high,exact_bootstrap_ci_low,exact_bootstrap_ci_high,exact_ci_low_6dp,exact_ci_high_6dp,low_match_6dp,high_match_6dp,pair_match_6dp,low_difference_exact_minus_reported,high_difference_exact_minus_reported,ci_method
CSE-CIC-IDS2018,centralized,accuracy,10,42-51,0.999629778600492,3.1760349441286e-05,0.999611,0.999648,0.99961066753185,0.999647556338764,0.999611,0.999648,True,True,True,-3.32468150121557e-07,-4.43661236082527e-07,Exact nonparametric percentile bootstrap of the mean; all n^n ordered resamples represented via weighted multinomial count-vector enumeration; NumPy-linear 2.5th/97.5th percentiles
CSE-CIC-IDS2018,centralized,precision,10,42-51,0.998486529338407,0.00077252406322899,0.99802,0.998921,0.998019576150273,0.998921841139178,0.99802,0.998922,True,False,False,-4.23849727093639e-07,8.41139178420214e-07,Exact nonparametric percentile bootstrap of the mean; all n^n ordered resamples represented via weighted multinomial count-vector enumeration; NumPy-linear 2.5th/97.5th percentiles
CSE-CIC-IDS2018,centralized,recall,10,42-51,0.995418556240592,0.0011704420472546,0.994749,0.996118,0.994753525234013,0.99612088539322,0.994754,0.996121,False,False,False,4.52523401317517e-06,2.88539322013115e-06,Exact nonparametric percentile bootstrap of the mean; all n^n ordered resamples represented via weighted multinomial count-vector enumeration; NumPy-linear 2.5th/97.5th percentiles
CSE-CIC-IDS2018,centralized,f1,10,42-51,0.996949356243219,0.000264090775851257,0.99679,0.997098,0.996790746235448,0.997098043115711,0.996791,0.997098,False,True,False,7.4623544843444e-07,4.31157110014624e-08,Exact nonparametric percentile bootstrap of the mean; all n^n ordered resamples represented via weighted multinomial count-vector enumeration; NumPy-linear 2.5th/97.5th percentiles
CSE-CIC-IDS2018,centralized,roc_auc,10,42-51,0.999920434898412,2.77779813955838e-05,0.999903,0.999936,0.999903483018981,0.99993595666314,0.999903,0.999936,True,True,True,4.83018980812489e-07,-4.33368598784512e-08,Exact nonparametric percentile bootstrap of the mean; all n^n ordered resamples represented via weighted multinomial count-vector enumeration; NumPy-linear 2.5th/97.5th percentiles
CSE-CIC-IDS2018,nondp,accuracy,10,42-51,0.999360445865676,9.25823122319707e-05,0.999307,0.999415,0.999306890429132,0.99941533463259,0.999307,0.999415,True,True,True,-1.09570867601327e-07,3.34632589749084e-07,Exact nonparametric percentile bootstrap of the mean; all n^n ordered resamples represented via weighted multinomial count-vector enumeration; NumPy-linear 2.5th/97.5th percentiles
CSE-CIC-IDS2018,nondp,precision,10,42-51,0.995857786022365,0.00168701225187067,0.994845,0.996808,0.99484076019733,0.996812493597679,0.994841,0.996812,False,False,False,-4.23980267028057e-06,4.4935976785121e-06,Exact nonparametric percentile bootstrap of the mean; all n^n ordered resamples represented via weighted multinomial count-vector enumeration; NumPy-linear 2.5th/97.5th percentiles
CSE-CIC-IDS2018,nondp,recall,10,42-51,0.993612523681343,0.00118634072461453,0.992918,0.994308,0.992917839026661,0.994308217344198,0.992918,0.994308,True,True,True,-1.60973339324855e-07,2.17344198527591e-07,Exact nonparametric percentile bootstrap of the mean; all n^n ordered resamples represented via weighted multinomial count-vector enumeration; NumPy-linear 2.5th/97.5th percentiles
CSE-CIC-IDS2018,nondp,f1,10,42-51,0.994732491438095,0.000762756809606886,0.994292,0.995183,0.9942917207493,0.995184405613427,0.994292,0.995184,True,False,False,-2.79250700341294e-07,1.40561342731882e-06,Exact nonparametric percentile bootstrap of the mean; all n^n ordered resamples represented via weighted multinomial count-vector enumeration; NumPy-linear 2.5th/97.5th percentiles
CSE-CIC-IDS2018,nondp,roc_auc,10,42-51,0.999734521192067,0.000111457623128992,0.999664,0.999794,0.999663653524004,0.999793666374639,0.999664,0.999794,True,True,True,-3.46475995671724e-07,-3.33625361226275e-07,Exact nonparametric percentile bootstrap of the mean; all n^n ordered resamples represented via weighted multinomial count-vector enumeration; NumPy-linear 2.5th/97.5th percentiles
CSE-CIC-IDS2018,dp,accuracy,10,42-51,0.998021337730361,0.000245537300770599,0.997884,0.99817,0.997883338037027,0.998170448510114,0.997883,0.99817,False,True,False,-6.61962973325103e-07,4.48510114381406e-07,Exact nonparametric percentile bootstrap of the mean; all n^n ordered resamples represented via weighted multinomial count-vector enumeration; NumPy-linear 2.5th/97.5th percentiles
CSE-CIC-IDS2018,dp,precision,10,42-51,0.991145635309212,0.00505937513149535,0.988044,0.993976,0.988044009016666,0.993971288660905,0.988044,0.993971,True,False,False,9.01666619146368e-09,-4.71133909485388e-06,Exact nonparametric percentile bootstrap of the mean; all n^n ordered resamples represented via weighted multinomial count-vector enumeration; NumPy-linear 2.5th/97.5th percentiles
CSE-CIC-IDS2018,dp,recall,10,42-51,0.976206275605065,0.00564568170081493,0.972933,0.979526,0.97292820904412,0.979534948468122,0.972928,0.979535,False,False,False,-4.79095588012957e-06,8.94846812216077e-06,Exact nonparametric percentile bootstrap of the mean; all n^n ordered resamples represented via weighted multinomial count-vector enumeration; NumPy-linear 2.5th/97.5th percentiles
CSE-CIC-IDS2018,dp,f1,10,42-51,0.983596700750928,0.00205312697365183,0.98244,0.984836,0.982436831944353,0.984838727563118,0.982437,0.984839,False,False,False,-3.16805564737344e-06,2.72756311781031e-06,Exact nonparametric percentile bootstrap of the mean; all n^n ordered resamples represented via weighted multinomial count-vector enumeration; NumPy-linear 2.5th/97.5th percentiles
CSE-CIC-IDS2018,dp,roc_auc,10,42-51,0.999272029800689,0.000334286319367006,0.999054,0.999439,0.999053308861733,0.999438874310479,0.999053,0.999439,False,True,False,-6.91138266839531e-07,-1.25689520680261e-07,Exact nonparametric percentile bootstrap of the mean; all n^n ordered resamples represented via weighted multinomial count-vector enumeration; NumPy-linear 2.5th/97.5th percentiles
CICIoV2024,centralized,accuracy,10,42-51,0.999989111549805,5.48920769352755e-06,0.999986,0.999992,0.999985797673659,0.999992425425951,0.999986,0.999992,True,True,True,-2.02326341125492e-07,4.25425951355862e-07,Exact nonparametric percentile bootstrap of the mean; all n^n ordered resamples represented via weighted multinomial count-vector enumeration; NumPy-linear 2.5th/97.5th percentiles
CICIoV2024,centralized,precision,10,42-51,0.999989158716392,2.43910291164489e-05,0.999975,1,0.999974703671581,1,0.999975,1,True,True,True,-2.96328418580849e-07,0,Exact nonparametric percentile bootstrap of the mean; all n^n ordered resamples represented via weighted multinomial count-vector enumeration; NumPy-linear 2.5th/97.5th percentiles
CICIoV2024,centralized,recall,10,42-51,0.999927724775947,3.80923877345035e-05,0.999906,0.999949,0.999906042208731,0.999949407343163,0.999906,0.999949,True,True,True,4.22087307327956e-08,4.07343162756035e-07,Exact nonparametric percentile bootstrap of the mean; all n^n ordered resamples represented via weighted multinomial count-vector enumeration; NumPy-linear 2.5th/97.5th percentiles
CICIoV2024,centralized,f1,10,42-51,0.999958440276921,2.09518614453299e-05,0.999946,0.999971,0.999945791492348,0.999971088865592,0.999946,0.999971,True,True,True,-2.08507651811018e-07,8.88655923292347e-08,Exact nonparametric percentile bootstrap of the mean; all n^n ordered resamples represented via weighted multinomial count-vector enumeration; NumPy-linear 2.5th/97.5th percentiles
CICIoV2024,centralized,roc_auc,10,42-51,0.9999999543459,2.32359063260735e-08,1,1,0.999999940250025,0.999999967477114,1,1,True,True,True,-5.97499753007824e-08,-3.25228862729787e-08,Exact nonparametric percentile bootstrap of the mean; all n^n ordered resamples represented via weighted multinomial count-vector enumeration; NumPy-linear 2.5th/97.5th percentiles
CICIoV2024,nondp,accuracy,10,42-51,0.999987217906293,5.48920769351797e-06,0.999984,0.99999,0.999983904030147,0.999990058371561,0.999984,0.99999,True,True,True,-9.59698532865261e-08,5.83715612512137e-08,Exact nonparametric percentile bootstrap of the mean; all n^n ordered resamples represented via weighted multinomial count-vector enumeration; NumPy-linear 2.5th/97.5th percentiles
CICIoV2024,nondp,precision,10,42-51,1,0,1,1,1,1,1,1,True,True,True,0,0,Exact nonparametric percentile bootstrap of the mean; all n^n ordered resamples represented via weighted multinomial count-vector enumeration; NumPy-linear 2.5th/97.5th percentiles
CICIoV2024,nondp,recall,10,42-51,0.999902428447528,4.19016265079294e-05,0.999877,0.999924,0.99987713211911,0.999924111014744,0.999877,0.999924,True,True,True,1.32119109652606e-07,1.11014744286209e-07,Exact nonparametric percentile bootstrap of the mean; all n^n ordered resamples represented via weighted multinomial count-vector enumeration; NumPy-linear 2.5th/97.5th percentiles
CICIoV2024,nondp,f1,10,42-51,0.999951211448491,2.09531129634651e-05,0.999939,0.999962,0.999938561814971,0.999962053972842,0.999939,0.999962,True,True,True,-4.38185028928118e-07,5.39728424175934e-08,Exact nonparametric percentile bootstrap of the mean; all n^n ordered resamples represented via weighted multinomial count-vector enumeration; NumPy-linear 2.5th/97.5th percentiles
CICIoV2024,nondp,roc_auc,10,42-51,0.99999993995472,2.35778435076253e-08,1,1,0.999999925858844,0.999999953459986,1,1,True,True,True,-7.41411557703131e-08,-4.65400138427441e-08,Exact nonparametric percentile bootstrap of the mean; all n^n ordered resamples represented via weighted multinomial count-vector enumeration; NumPy-linear 2.5th/97.5th percentiles
CICIoV2024,dp,accuracy,10,42-51,0.99986744495415,0.000151819882572691,0.999772,0.999952,0.999773236189421,0.99995171209044,0.999773,0.999952,False,True,False,1.23618942116099e-06,-2.87909559526511e-07,Exact nonparametric percentile bootstrap of the mean; all n^n ordered resamples represented via weighted multinomial count-vector enumeration; NumPy-linear 2.5th/97.5th percentiles
CICIoV2024,dp,precision,10,42-51,0.999076826652887,0.00114592877844493,0.99836,0.999715,0.998363024835392,0.999715294796021,0.998363,0.999715,False,True,False,3.02483539205145e-06,2.94796021260701e-07,Exact nonparametric percentile bootstrap of the mean; all n^n ordered resamples represented via weighted multinomial count-vector enumeration; NumPy-linear 2.5th/97.5th percentiles
CICIoV2024,dp,recall,10,42-51,0.999913269731136,4.87820582328741e-05,0.999884,0.999942,0.999884359641515,0.999942179820758,0.999884,0.999942,True,True,True,3.59641514902087e-07,1.79820757506555e-07,Exact nonparametric percentile bootstrap of the mean; all n^n ordered resamples represented via weighted multinomial count-vector enumeration; NumPy-linear 2.5th/97.5th percentiles
CICIoV2024,dp,f1,10,42-51,0.999494581353576,0.000578694228337093,0.999132,0.999816,0.999135365745788,0.999815786136573,0.999135,0.999816,False,True,False,3.36574578840843e-06,-2.13863427411809e-07,Exact nonparametric percentile bootstrap of the mean; all n^n ordered resamples represented via weighted multinomial count-vector enumeration; NumPy-linear 2.5th/97.5th percentiles
CICIoV2024,dp,roc_auc,10,42-51,0.999995674436454,4.91989031013312e-06,0.999993,0.999998,0.999992710817983,0.999998430947926,0.999993,0.999998,True,True,True,-2.89182017443324e-07,4.30947925567082e-07,Exact nonparametric percentile bootstrap of the mean; all n^n ordered resamples represented via weighted multinomial count-vector enumeration; NumPy-linear 2.5th/97.5th percentiles
