dataset,seed,method,metric,value,source_summary
CSE-CIC-IDS2018,42,centralized,accuracy,0.9996466674518502,experiments/02_multiseed/results/CSECICIDS2018/seed_42/centralized/centralized_xgboost_CSECICIDS2018_summary.json
CSE-CIC-IDS2018,42,centralized,precision,0.9993390857352671,experiments/02_multiseed/results/CSECICIDS2018/seed_42/centralized/centralized_xgboost_CSECICIDS2018_summary.json
CSE-CIC-IDS2018,42,centralized,recall,0.9948461144820527,experiments/02_multiseed/results/CSECICIDS2018/seed_42/centralized/centralized_xgboost_CSECICIDS2018_summary.json
CSE-CIC-IDS2018,42,centralized,f1,0.9970875386954371,experiments/02_multiseed/results/CSECICIDS2018/seed_42/centralized/centralized_xgboost_CSECICIDS2018_summary.json
CSE-CIC-IDS2018,42,centralized,roc_auc,0.9999445215805975,experiments/02_multiseed/results/CSECICIDS2018/seed_42/centralized/centralized_xgboost_CSECICIDS2018_summary.json
CSE-CIC-IDS2018,42,nondp,accuracy,0.9994733345037011,experiments/02_multiseed/results/CSECICIDS2018/seed_42/nondp_local_10/iov_global_server_ensemble_summary.json
CSE-CIC-IDS2018,42,nondp,precision,0.9968490089033818,experiments/02_multiseed/results/CSECICIDS2018/seed_42/nondp_local_10/iov_global_server_ensemble_summary.json
CSE-CIC-IDS2018,42,nondp,recall,0.9944805906864537,experiments/02_multiseed/results/CSECICIDS2018/seed_42/nondp_local_10/iov_global_server_ensemble_summary.json
CSE-CIC-IDS2018,42,nondp,f1,0.9956633913377614,experiments/02_multiseed/results/CSECICIDS2018/seed_42/nondp_local_10/iov_global_server_ensemble_summary.json
CSE-CIC-IDS2018,42,nondp,roc_auc,0.999814296220416,experiments/02_multiseed/results/CSECICIDS2018/seed_42/nondp_local_10/iov_global_server_ensemble_summary.json
CSE-CIC-IDS2018,42,dp,accuracy,0.9980000044444346,experiments/02_multiseed/results/CSECICIDS2018/seed_42/full_dp/global_ensemble_summary.json
CSE-CIC-IDS2018,42,dp,precision,0.9868614750478434,experiments/02_multiseed/results/CSECICIDS2018/seed_42/full_dp/global_ensemble_summary.json
CSE-CIC-IDS2018,42,dp,recall,0.9801520578989692,experiments/02_multiseed/results/CSECICIDS2018/seed_42/full_dp/global_ensemble_summary.json
CSE-CIC-IDS2018,42,dp,f1,0.9834953236750412,experiments/02_multiseed/results/CSECICIDS2018/seed_42/full_dp/global_ensemble_summary.json
CSE-CIC-IDS2018,42,dp,roc_auc,0.9993411224787346,experiments/02_multiseed/results/CSECICIDS2018/seed_42/full_dp/global_ensemble_summary.json
CSE-CIC-IDS2018,43,centralized,accuracy,0.999591112019751,experiments/02_multiseed/results/CSECICIDS2018/seed_43/centralized/centralized_xgboost_CSECICIDS2018_summary.json
CSE-CIC-IDS2018,43,centralized,precision,0.9990446796002351,experiments/02_multiseed/results/CSECICIDS2018/seed_43/centralized/centralized_xgboost_CSECICIDS2018_summary.json
CSE-CIC-IDS2018,43,centralized,recall,0.9942226122568378,experiments/02_multiseed/results/CSECICIDS2018/seed_43/centralized/centralized_xgboost_CSECICIDS2018_summary.json
CSE-CIC-IDS2018,43,centralized,f1,0.9966278132101752,experiments/02_multiseed/results/CSECICIDS2018/seed_43/centralized/centralized_xgboost_CSECICIDS2018_summary.json
CSE-CIC-IDS2018,43,centralized,roc_auc,0.9999419273644257,experiments/02_multiseed/results/CSECICIDS2018/seed_43/centralized/centralized_xgboost_CSECICIDS2018_summary.json
CSE-CIC-IDS2018,43,nondp,accuracy,0.9993444459012313,experiments/02_multiseed/results/CSECICIDS2018/seed_43/nondp_local_10/iov_global_server_ensemble_summary.json
CSE-CIC-IDS2018,43,nondp,precision,0.9975355868613676,experiments/02_multiseed/results/CSECICIDS2018/seed_43/nondp_local_10/iov_global_server_ensemble_summary.json
CSE-CIC-IDS2018,43,nondp,recall,0.9916630100921456,experiments/02_multiseed/results/CSECICIDS2018/seed_43/nondp_local_10/iov_global_server_ensemble_summary.json
CSE-CIC-IDS2018,43,nondp,f1,0.9945906298707252,experiments/02_multiseed/results/CSECICIDS2018/seed_43/nondp_local_10/iov_global_server_ensemble_summary.json
CSE-CIC-IDS2018,43,nondp,roc_auc,0.9998363751832536,experiments/02_multiseed/results/CSECICIDS2018/seed_43/nondp_local_10/iov_global_server_ensemble_summary.json
CSE-CIC-IDS2018,43,dp,accuracy,0.9982822260394977,experiments/02_multiseed/results/CSECICIDS2018/seed_43/full_dp/global_ensemble_summary.json
CSE-CIC-IDS2018,43,dp,precision,0.9987613077587177,experiments/02_multiseed/results/CSECICIDS2018/seed_43/full_dp/global_ensemble_summary.json
CSE-CIC-IDS2018,43,dp,recall,0.9729413485446834,experiments/02_multiseed/results/CSECICIDS2018/seed_43/full_dp/global_ensemble_summary.json
CSE-CIC-IDS2018,43,dp,f1,0.9856822686102724,experiments/02_multiseed/results/CSECICIDS2018/seed_43/full_dp/global_ensemble_summary.json
CSE-CIC-IDS2018,43,dp,roc_auc,0.9995381304626705,experiments/02_multiseed/results/CSECICIDS2018/seed_43/full_dp/global_ensemble_summary.json
CSE-CIC-IDS2018,44,centralized,accuracy,0.9996333341481464,experiments/02_multiseed/results/CSECICIDS2018/seed_44/centralized/centralized_xgboost_CSECICIDS2018_summary.json
CSE-CIC-IDS2018,44,centralized,precision,0.9991561800638368,experiments/02_multiseed/results/CSECICIDS2018/seed_44/centralized/centralized_xgboost_CSECICIDS2018_summary.json
CSE-CIC-IDS2018,44,centralized,recall,0.994812974868498,experiments/02_multiseed/results/CSECICIDS2018/seed_44/centralized/centralized_xgboost_CSECICIDS2018_summary.json
CSE-CIC-IDS2018,44,centralized,f1,0.9969798473450112,experiments/02_multiseed/results/CSECICIDS2018/seed_44/centralized/centralized_xgboost_CSECICIDS2018_summary.json
CSE-CIC-IDS2018,44,centralized,roc_auc,0.9999335019449804,experiments/02_multiseed/results/CSECICIDS2018/seed_44/centralized/centralized_xgboost_CSECICIDS2018_summary.json
CSE-CIC-IDS2018,44,nondp,accuracy,0.999484445590121,experiments/02_multiseed/results/CSECICIDS2018/seed_44/nondp_local_10/iov_global_server_ensemble_summary.json
CSE-CIC-IDS2018,44,nondp,precision,0.997872340425532,experiments/02_multiseed/results/CSECICIDS2018/seed_44/nondp_local_10/iov_global_server_ensemble_summary.json
CSE-CIC-IDS2018,44,nondp,recall,0.9936440677966102,experiments/02_multiseed/results/CSECICIDS2018/seed_44/nondp_local_10/iov_global_server_ensemble_summary.json
CSE-CIC-IDS2018,44,nondp,f1,0.9957537154989384,experiments/02_multiseed/results/CSECICIDS2018/seed_44/nondp_local_10/iov_global_server_ensemble_summary.json
CSE-CIC-IDS2018,44,nondp,roc_auc,0.9997662816378045,experiments/02_multiseed/results/CSECICIDS2018/seed_44/nondp_local_10/iov_global_server_ensemble_summary.json
CSE-CIC-IDS2018,44,dp,accuracy,0.9983200037333251,experiments/02_multiseed/results/CSECICIDS2018/seed_44/full_dp/global_ensemble_summary.json
CSE-CIC-IDS2018,44,dp,precision,0.9903477748305335,experiments/02_multiseed/results/CSECICIDS2018/seed_44/full_dp/global_ensemble_summary.json
CSE-CIC-IDS2018,44,dp,recall,0.9819549970777324,experiments/02_multiseed/results/CSECICIDS2018/seed_44/full_dp/global_ensemble_summary.json
CSE-CIC-IDS2018,44,dp,f1,0.9861335289801908,experiments/02_multiseed/results/CSECICIDS2018/seed_44/full_dp/global_ensemble_summary.json
CSE-CIC-IDS2018,44,dp,roc_auc,0.9994887902382257,experiments/02_multiseed/results/CSECICIDS2018/seed_44/full_dp/global_ensemble_summary.json
CSE-CIC-IDS2018,45,centralized,accuracy,0.9996666674074057,experiments/02_multiseed/results/CSECICIDS2018/seed_45/centralized/centralized_xgboost_CSECICIDS2018_summary.json
CSE-CIC-IDS2018,45,centralized,precision,0.9975147107196375,experiments/02_multiseed/results/CSECICIDS2018/seed_45/centralized/centralized_xgboost_CSECICIDS2018_summary.json
CSE-CIC-IDS2018,45,centralized,recall,0.9970045662100456,experiments/02_multiseed/results/CSECICIDS2018/seed_45/centralized/centralized_xgboost_CSECICIDS2018_summary.json
CSE-CIC-IDS2018,45,centralized,f1,0.9972595732242034,experiments/02_multiseed/results/CSECICIDS2018/seed_45/centralized/centralized_xgboost_CSECICIDS2018_summary.json
CSE-CIC-IDS2018,45,centralized,roc_auc,0.9998861401620963,experiments/02_multiseed/results/CSECICIDS2018/seed_45/centralized/centralized_xgboost_CSECICIDS2018_summary.json
CSE-CIC-IDS2018,45,nondp,accuracy,0.9994111124197502,experiments/02_multiseed/results/CSECICIDS2018/seed_45/nondp_local_10/iov_global_server_ensemble_summary.json
CSE-CIC-IDS2018,45,nondp,precision,0.9973581859543553,experiments/02_multiseed/results/CSECICIDS2018/seed_45/nondp_local_10/iov_global_server_ensemble_summary.json
CSE-CIC-IDS2018,45,nondp,recall,0.9929497716894977,experiments/02_multiseed/results/CSECICIDS2018/seed_45/nondp_local_10/iov_global_server_ensemble_summary.json
CSE-CIC-IDS2018,45,nondp,f1,0.9951490966336561,experiments/02_multiseed/results/CSECICIDS2018/seed_45/nondp_local_10/iov_global_server_ensemble_summary.json
CSE-CIC-IDS2018,45,nondp,roc_auc,0.9997120706073725,experiments/02_multiseed/results/CSECICIDS2018/seed_45/nondp_local_10/iov_global_server_ensemble_summary.json
CSE-CIC-IDS2018,45,dp,accuracy,0.9978066715407299,experiments/02_multiseed/results/CSECICIDS2018/seed_45/full_dp/global_ensemble_summary.json
CSE-CIC-IDS2018,45,dp,precision,0.9936026936026936,experiments/02_multiseed/results/CSECICIDS2018/seed_45/full_dp/global_ensemble_summary.json
CSE-CIC-IDS2018,45,dp,recall,0.9701917808219178,experiments/02_multiseed/results/CSECICIDS2018/seed_45/full_dp/global_ensemble_summary.json
CSE-CIC-IDS2018,45,dp,f1,0.981757693373995,experiments/02_multiseed/results/CSECICIDS2018/seed_45/full_dp/global_ensemble_summary.json
CSE-CIC-IDS2018,45,dp,roc_auc,0.9994554659087701,experiments/02_multiseed/results/CSECICIDS2018/seed_45/full_dp/global_ensemble_summary.json
CSE-CIC-IDS2018,46,centralized,accuracy,0.9996555563209859,experiments/02_multiseed/results/CSECICIDS2018/seed_46/centralized/centralized_xgboost_CSECICIDS2018_summary.json
CSE-CIC-IDS2018,46,centralized,precision,0.9984228286384976,experiments/02_multiseed/results/CSECICIDS2018/seed_46/centralized/centralized_xgboost_CSECICIDS2018_summary.json
CSE-CIC-IDS2018,46,centralized,recall,0.995902389053525,experiments/02_multiseed/results/CSECICIDS2018/seed_46/centralized/centralized_xgboost_CSECICIDS2018_summary.json
CSE-CIC-IDS2018,46,centralized,f1,0.9971610161730498,experiments/02_multiseed/results/CSECICIDS2018/seed_46/centralized/centralized_xgboost_CSECICIDS2018_summary.json
CSE-CIC-IDS2018,46,centralized,roc_auc,0.9999032287406192,experiments/02_multiseed/results/CSECICIDS2018/seed_46/centralized/centralized_xgboost_CSECICIDS2018_summary.json
CSE-CIC-IDS2018,46,nondp,accuracy,0.999308890424688,experiments/02_multiseed/results/CSECICIDS2018/seed_46/nondp_local_10/iov_global_server_ensemble_summary.json
CSE-CIC-IDS2018,46,nondp,precision,0.9953802155899392,experiments/02_multiseed/results/CSECICIDS2018/seed_46/nondp_local_10/iov_global_server_ensemble_summary.json
CSE-CIC-IDS2018,46,nondp,recall,0.9932316247759119,experiments/02_multiseed/results/CSECICIDS2018/seed_46/nondp_local_10/iov_global_server_ensemble_summary.json
CSE-CIC-IDS2018,46,nondp,f1,0.9943047594630725,experiments/02_multiseed/results/CSECICIDS2018/seed_46/nondp_local_10/iov_global_server_ensemble_summary.json
CSE-CIC-IDS2018,46,nondp,roc_auc,0.9996324854825622,experiments/02_multiseed/results/CSECICIDS2018/seed_46/nondp_local_10/iov_global_server_ensemble_summary.json
CSE-CIC-IDS2018,46,dp,accuracy,0.9977133384148035,experiments/02_multiseed/results/CSECICIDS2018/seed_46/full_dp/global_ensemble_summary.json
CSE-CIC-IDS2018,46,dp,precision,0.9914798206278027,experiments/02_multiseed/results/CSECICIDS2018/seed_46/full_dp/global_ensemble_summary.json
CSE-CIC-IDS2018,46,dp,recall,0.9706947645702997,experiments/02_multiseed/results/CSECICIDS2018/seed_46/full_dp/global_ensemble_summary.json
CSE-CIC-IDS2018,46,dp,f1,0.9809772059231324,experiments/02_multiseed/results/CSECICIDS2018/seed_46/full_dp/global_ensemble_summary.json
CSE-CIC-IDS2018,46,dp,roc_auc,0.9993601883566832,experiments/02_multiseed/results/CSECICIDS2018/seed_46/full_dp/global_ensemble_summary.json
CSE-CIC-IDS2018,47,centralized,accuracy,0.9996111119753067,experiments/02_multiseed/results/CSECICIDS2018/seed_47/centralized/centralized_xgboost_CSECICIDS2018_summary.json
CSE-CIC-IDS2018,47,centralized,precision,0.9982749761432871,experiments/02_multiseed/results/CSECICIDS2018/seed_47/centralized/centralized_xgboost_CSECICIDS2018_summary.json
CSE-CIC-IDS2018,47,centralized,recall,0.9953159878508435,experiments/02_multiseed/results/CSECICIDS2018/seed_47/centralized/centralized_xgboost_CSECICIDS2018_summary.json
CSE-CIC-IDS2018,47,centralized,f1,0.9967932860572077,experiments/02_multiseed/results/CSECICIDS2018/seed_47/centralized/centralized_xgboost_CSECICIDS2018_summary.json
CSE-CIC-IDS2018,47,centralized,roc_auc,0.9999445101631081,experiments/02_multiseed/results/CSECICIDS2018/seed_47/centralized/centralized_xgboost_CSECICIDS2018_summary.json
CSE-CIC-IDS2018,47,nondp,accuracy,0.9993022237728361,experiments/02_multiseed/results/CSECICIDS2018/seed_47/nondp_local_10/iov_global_server_ensemble_summary.json
CSE-CIC-IDS2018,47,nondp,precision,0.9930639214397838,experiments/02_multiseed/results/CSECICIDS2018/seed_47/nondp_local_10/iov_global_server_ensemble_summary.json
CSE-CIC-IDS2018,47,nondp,recall,0.9954623632305046,experiments/02_multiseed/results/CSECICIDS2018/seed_47/nondp_local_10/iov_global_server_ensemble_summary.json
CSE-CIC-IDS2018,47,nondp,f1,0.9942616959064328,experiments/02_multiseed/results/CSECICIDS2018/seed_47/nondp_local_10/iov_global_server_ensemble_summary.json
CSE-CIC-IDS2018,47,nondp,roc_auc,0.9994830067711664,experiments/02_multiseed/results/CSECICIDS2018/seed_47/nondp_local_10/iov_global_server_ensemble_summary.json
CSE-CIC-IDS2018,47,dp,accuracy,0.998435559032091,experiments/02_multiseed/results/CSECICIDS2018/seed_47/full_dp/global_ensemble_summary.json
CSE-CIC-IDS2018,47,dp,precision,0.9946857928574083,experiments/02_multiseed/results/CSECICIDS2018/seed_47/full_dp/global_ensemble_summary.json
CSE-CIC-IDS2018,47,dp,recall,0.979470853002525,experiments/02_multiseed/results/CSECICIDS2018/seed_47/full_dp/global_ensemble_summary.json
CSE-CIC-IDS2018,47,dp,f1,0.9870196917176783,experiments/02_multiseed/results/CSECICIDS2018/seed_47/full_dp/global_ensemble_summary.json
CSE-CIC-IDS2018,47,dp,roc_auc,0.9992602335998428,experiments/02_multiseed/results/CSECICIDS2018/seed_47/full_dp/global_ensemble_summary.json
CSE-CIC-IDS2018,48,centralized,accuracy,0.9995777787160472,experiments/02_multiseed/results/CSECICIDS2018/seed_48/centralized/centralized_xgboost_CSECICIDS2018_summary.json
CSE-CIC-IDS2018,48,centralized,precision,0.9989351154848897,experiments/02_multiseed/results/CSECICIDS2018/seed_48/centralized/centralized_xgboost_CSECICIDS2018_summary.json
CSE-CIC-IDS2018,48,centralized,recall,0.9941165722638406,experiments/02_multiseed/results/CSECICIDS2018/seed_48/centralized/centralized_xgboost_CSECICIDS2018_summary.json
CSE-CIC-IDS2018,48,centralized,f1,0.9965200190483168,experiments/02_multiseed/results/CSECICIDS2018/seed_48/centralized/centralized_xgboost_CSECICIDS2018_summary.json
CSE-CIC-IDS2018,48,centralized,roc_auc,0.9999527356696356,experiments/02_multiseed/results/CSECICIDS2018/seed_48/centralized/centralized_xgboost_CSECICIDS2018_summary.json
CSE-CIC-IDS2018,48,nondp,accuracy,0.9992844460345643,experiments/02_multiseed/results/CSECICIDS2018/seed_48/nondp_local_10/iov_global_server_ensemble_summary.json
CSE-CIC-IDS2018,48,nondp,precision,0.9953474740814009,experiments/02_multiseed/results/CSECICIDS2018/seed_48/nondp_local_10/iov_global_server_ensemble_summary.json
CSE-CIC-IDS2018,48,nondp,recall,0.9928741092636579,experiments/02_multiseed/results/CSECICIDS2018/seed_48/nondp_local_10/iov_global_server_ensemble_summary.json
CSE-CIC-IDS2018,48,nondp,f1,0.9941092532289342,experiments/02_multiseed/results/CSECICIDS2018/seed_48/nondp_local_10/iov_global_server_ensemble_summary.json
CSE-CIC-IDS2018,48,nondp,roc_auc,0.9998630561999811,experiments/02_multiseed/results/CSECICIDS2018/seed_48/nondp_local_10/iov_global_server_ensemble_summary.json
CSE-CIC-IDS2018,48,dp,accuracy,0.9979888933580148,experiments/02_multiseed/results/CSECICIDS2018/seed_48/full_dp/global_ensemble_summary.json
CSE-CIC-IDS2018,48,dp,precision,0.9868982776387457,experiments/02_multiseed/results/CSECICIDS2018/seed_48/full_dp/global_ensemble_summary.json
CSE-CIC-IDS2018,48,dp,recall,0.9799378768499909,experiments/02_multiseed/results/CSECICIDS2018/seed_48/full_dp/global_ensemble_summary.json
CSE-CIC-IDS2018,48,dp,f1,0.9834057612263234,experiments/02_multiseed/results/CSECICIDS2018/seed_48/full_dp/global_ensemble_summary.json
CSE-CIC-IDS2018,48,dp,roc_auc,0.999557504894494,experiments/02_multiseed/results/CSECICIDS2018/seed_48/full_dp/global_ensemble_summary.json
CSE-CIC-IDS2018,49,centralized,accuracy,0.9996577785382699,experiments/02_multiseed/results/CSECICIDS2018/seed_49/centralized/centralized_xgboost_CSECICIDS2018_summary.json
CSE-CIC-IDS2018,49,centralized,precision,0.9976915466637353,experiments/02_multiseed/results/CSECICIDS2018/seed_49/centralized/centralized_xgboost_CSECICIDS2018_summary.json
CSE-CIC-IDS2018,49,centralized,recall,0.9966689849555255,experiments/02_multiseed/results/CSECICIDS2018/seed_49/centralized/centralized_xgboost_CSECICIDS2018_summary.json
CSE-CIC-IDS2018,49,centralized,f1,0.997180003662333,experiments/02_multiseed/results/CSECICIDS2018/seed_49/centralized/centralized_xgboost_CSECICIDS2018_summary.json
CSE-CIC-IDS2018,49,centralized,roc_auc,0.9999146736636243,experiments/02_multiseed/results/CSECICIDS2018/seed_49/centralized/centralized_xgboost_CSECICIDS2018_summary.json
CSE-CIC-IDS2018,49,nondp,accuracy,0.999306668207404,experiments/02_multiseed/results/CSECICIDS2018/seed_49/nondp_local_10/iov_global_server_ensemble_summary.json
CSE-CIC-IDS2018,49,nondp,precision,0.9936752824187475,experiments/02_multiseed/results/CSECICIDS2018/seed_49/nondp_local_10/iov_global_server_ensemble_summary.json
CSE-CIC-IDS2018,49,nondp,recall,0.9949119660309674,experiments/02_multiseed/results/CSECICIDS2018/seed_49/nondp_local_10/iov_global_server_ensemble_summary.json
CSE-CIC-IDS2018,49,nondp,f1,0.9942932396839332,experiments/02_multiseed/results/CSECICIDS2018/seed_49/nondp_local_10/iov_global_server_ensemble_summary.json
CSE-CIC-IDS2018,49,nondp,roc_auc,0.999781799511014,experiments/02_multiseed/results/CSECICIDS2018/seed_49/nondp_local_10/iov_global_server_ensemble_summary.json
CSE-CIC-IDS2018,49,dp,accuracy,0.9979644489678912,experiments/02_multiseed/results/CSECICIDS2018/seed_49/full_dp/global_ensemble_summary.json
CSE-CIC-IDS2018,49,dp,precision,0.9935693722660486,experiments/02_multiseed/results/CSECICIDS2018/seed_49/full_dp/global_ensemble_summary.json
CSE-CIC-IDS2018,49,dp,recall,0.972766206669351,experiments/02_multiseed/results/CSECICIDS2018/seed_49/full_dp/global_ensemble_summary.json
CSE-CIC-IDS2018,49,dp,f1,0.9830577442385233,experiments/02_multiseed/results/CSECICIDS2018/seed_49/full_dp/global_ensemble_summary.json
CSE-CIC-IDS2018,49,dp,roc_auc,0.9993012599702229,experiments/02_multiseed/results/CSECICIDS2018/seed_49/full_dp/global_ensemble_summary.json
CSE-CIC-IDS2018,50,centralized,accuracy,0.9996022231061709,experiments/02_multiseed/results/CSECICIDS2018/seed_50/centralized/centralized_xgboost_CSECICIDS2018_summary.json
CSE-CIC-IDS2018,50,centralized,precision,0.9992277992277993,experiments/02_multiseed/results/CSECICIDS2018/seed_50/centralized/centralized_xgboost_CSECICIDS2018_summary.json
CSE-CIC-IDS2018,50,centralized,recall,0.9942192302063515,experiments/02_multiseed/results/CSECICIDS2018/seed_50/centralized/centralized_xgboost_CSECICIDS2018_summary.json
CSE-CIC-IDS2018,50,centralized,f1,0.9967172226603334,experiments/02_multiseed/results/CSECICIDS2018/seed_50/centralized/centralized_xgboost_CSECICIDS2018_summary.json
CSE-CIC-IDS2018,50,centralized,roc_auc,0.9998699301083134,experiments/02_multiseed/results/CSECICIDS2018/seed_50/centralized/centralized_xgboost_CSECICIDS2018_summary.json
CSE-CIC-IDS2018,50,nondp,accuracy,0.9992200017333295,experiments/02_multiseed/results/CSECICIDS2018/seed_50/nondp_local_10/iov_global_server_ensemble_summary.json
CSE-CIC-IDS2018,50,nondp,precision,0.9946467201994647,experiments/02_multiseed/results/CSECICIDS2018/seed_50/nondp_local_10/iov_global_server_ensemble_summary.json
CSE-CIC-IDS2018,50,nondp,recall,0.9924996341284941,experiments/02_multiseed/results/CSECICIDS2018/seed_50/nondp_local_10/iov_global_server_ensemble_summary.json
CSE-CIC-IDS2018,50,nondp,f1,0.9935720172145408,experiments/02_multiseed/results/CSECICIDS2018/seed_50/nondp_local_10/iov_global_server_ensemble_summary.json
CSE-CIC-IDS2018,50,nondp,roc_auc,0.9997507208705423,experiments/02_multiseed/results/CSECICIDS2018/seed_50/nondp_local_10/iov_global_server_ensemble_summary.json
CSE-CIC-IDS2018,50,dp,accuracy,0.9977800049333224,experiments/02_multiseed/results/CSECICIDS2018/seed_50/full_dp/global_ensemble_summary.json
CSE-CIC-IDS2018,50,dp,precision,0.9941823368239312,experiments/02_multiseed/results/CSECICIDS2018/seed_50/full_dp/global_ensemble_summary.json
CSE-CIC-IDS2018,50,dp,recall,0.9691204448997512,experiments/02_multiseed/results/CSECICIDS2018/seed_50/full_dp/global_ensemble_summary.json
CSE-CIC-IDS2018,50,dp,f1,0.9814914312181565,experiments/02_multiseed/results/CSECICIDS2018/seed_50/full_dp/global_ensemble_summary.json
CSE-CIC-IDS2018,50,dp,roc_auc,0.9984590070648096,experiments/02_multiseed/results/CSECICIDS2018/seed_50/full_dp/global_ensemble_summary.json
CSE-CIC-IDS2018,51,centralized,accuracy,0.9996555563209859,experiments/02_multiseed/results/CSECICIDS2018/seed_51/centralized/centralized_xgboost_CSECICIDS2018_summary.json
CSE-CIC-IDS2018,51,centralized,precision,0.997258371106887,experiments/02_multiseed/results/CSECICIDS2018/seed_51/centralized/centralized_xgboost_CSECICIDS2018_summary.json
CSE-CIC-IDS2018,51,centralized,recall,0.997076130258397,experiments/02_multiseed/results/CSECICIDS2018/seed_51/centralized/centralized_xgboost_CSECICIDS2018_summary.json
CSE-CIC-IDS2018,51,centralized,f1,0.9971672423561233,experiments/02_multiseed/results/CSECICIDS2018/seed_51/centralized/centralized_xgboost_CSECICIDS2018_summary.json
CSE-CIC-IDS2018,51,centralized,roc_auc,0.9999131795867237,experiments/02_multiseed/results/CSECICIDS2018/seed_51/centralized/centralized_xgboost_CSECICIDS2018_summary.json
CSE-CIC-IDS2018,51,nondp,accuracy,0.9994688900691332,experiments/02_multiseed/results/CSECICIDS2018/seed_51/nondp_local_10/iov_global_server_ensemble_summary.json
CSE-CIC-IDS2018,51,nondp,precision,0.9968491243496739,experiments/02_multiseed/results/CSECICIDS2018/seed_51/nondp_local_10/iov_global_server_ensemble_summary.json
CSE-CIC-IDS2018,51,nondp,recall,0.9944080991191843,experiments/02_multiseed/results/CSECICIDS2018/seed_51/nondp_local_10/iov_global_server_ensemble_summary.json
CSE-CIC-IDS2018,51,nondp,f1,0.9956271155429512,experiments/02_multiseed/results/CSECICIDS2018/seed_51/nondp_local_10/iov_global_server_ensemble_summary.json
CSE-CIC-IDS2018,51,nondp,roc_auc,0.9997051194365576,experiments/02_multiseed/results/CSECICIDS2018/seed_51/nondp_local_10/iov_global_server_ensemble_summary.json
CSE-CIC-IDS2018,51,dp,accuracy,0.9979222268394959,experiments/02_multiseed/results/CSECICIDS2018/seed_51/full_dp/global_ensemble_summary.json
CSE-CIC-IDS2018,51,dp,precision,0.9810675016383893,experiments/02_multiseed/results/CSECICIDS2018/seed_51/full_dp/global_ensemble_summary.json
CSE-CIC-IDS2018,51,dp,recall,0.9848324257154344,experiments/02_multiseed/results/CSECICIDS2018/seed_51/full_dp/global_ensemble_summary.json
CSE-CIC-IDS2018,51,dp,f1,0.9829463585459719,experiments/02_multiseed/results/CSECICIDS2018/seed_51/full_dp/global_ensemble_summary.json
CSE-CIC-IDS2018,51,dp,roc_auc,0.998958595032439,experiments/02_multiseed/results/CSECICIDS2018/seed_51/full_dp/global_ensemble_summary.json
CICIoV2024,42,centralized,accuracy,0.9999905317824394,experiments/02_multiseed/results/CICIoV2024/seed_42/centralized/centralized_xgboost_CICIoV2024_summary.json
CICIoV2024,42,centralized,precision,1.0,experiments/02_multiseed/results/CICIoV2024/seed_42/centralized/centralized_xgboost_CICIoV2024_summary.json
CICIoV2024,42,centralized,recall,0.9999277247759468,experiments/02_multiseed/results/CICIoV2024/seed_42/centralized/centralized_xgboost_CICIoV2024_summary.json
CICIoV2024,42,centralized,f1,0.9999638610819992,experiments/02_multiseed/results/CICIoV2024/seed_42/centralized/centralized_xgboost_CICIoV2024_summary.json
CICIoV2024,42,centralized,roc_auc,0.9999999503888176,experiments/02_multiseed/results/CICIoV2024/seed_42/centralized/centralized_xgboost_CICIoV2024_summary.json
CICIoV2024,42,nondp,accuracy,0.9999810635648786,experiments/02_multiseed/results/CICIoV2024/seed_42/nondp_local_10/iov_global_server_ensemble_summary.json
CICIoV2024,42,nondp,precision,1.0,experiments/02_multiseed/results/CICIoV2024/seed_42/nondp_local_10/iov_global_server_ensemble_summary.json
CICIoV2024,42,nondp,recall,0.9998554495518936,experiments/02_multiseed/results/CICIoV2024/seed_42/nondp_local_10/iov_global_server_ensemble_summary.json
CICIoV2024,42,nondp,f1,0.9999277195518612,experiments/02_multiseed/results/CICIoV2024/seed_42/nondp_local_10/iov_global_server_ensemble_summary.json
CICIoV2024,42,nondp,roc_auc,0.9999999007776355,experiments/02_multiseed/results/CICIoV2024/seed_42/nondp_local_10/iov_global_server_ensemble_summary.json
CICIoV2024,42,dp,accuracy,1.0,experiments/02_multiseed/results/CICIoV2024/seed_42/full_dp/global_ensemble_summary.json
CICIoV2024,42,dp,precision,1.0,experiments/02_multiseed/results/CICIoV2024/seed_42/full_dp/global_ensemble_summary.json
CICIoV2024,42,dp,recall,1.0,experiments/02_multiseed/results/CICIoV2024/seed_42/full_dp/global_ensemble_summary.json
CICIoV2024,42,dp,f1,1.0,experiments/02_multiseed/results/CICIoV2024/seed_42/full_dp/global_ensemble_summary.json
CICIoV2024,42,dp,roc_auc,1.0,experiments/02_multiseed/results/CICIoV2024/seed_42/full_dp/global_ensemble_summary.json
CICIoV2024,43,centralized,accuracy,0.9999905317824394,experiments/02_multiseed/results/CICIoV2024/seed_43/centralized/centralized_xgboost_CICIoV2024_summary.json
CICIoV2024,43,centralized,precision,0.9999638623879734,experiments/02_multiseed/results/CICIoV2024/seed_43/centralized/centralized_xgboost_CICIoV2024_summary.json
CICIoV2024,43,centralized,recall,0.9999638623879734,experiments/02_multiseed/results/CICIoV2024/seed_43/centralized/centralized_xgboost_CICIoV2024_summary.json
CICIoV2024,43,centralized,f1,0.9999638623879734,experiments/02_multiseed/results/CICIoV2024/seed_43/centralized/centralized_xgboost_CICIoV2024_summary.json
CICIoV2024,43,centralized,roc_auc,0.9999999763756275,experiments/02_multiseed/results/CICIoV2024/seed_43/centralized/centralized_xgboost_CICIoV2024_summary.json
CICIoV2024,43,nondp,accuracy,0.9999952658912197,experiments/02_multiseed/results/CICIoV2024/seed_43/nondp_local_10/iov_global_server_ensemble_summary.json
CICIoV2024,43,nondp,precision,1.0,experiments/02_multiseed/results/CICIoV2024/seed_43/nondp_local_10/iov_global_server_ensemble_summary.json
CICIoV2024,43,nondp,recall,0.9999638623879734,experiments/02_multiseed/results/CICIoV2024/seed_43/nondp_local_10/iov_global_server_ensemble_summary.json
CICIoV2024,43,nondp,f1,0.9999819308674991,experiments/02_multiseed/results/CICIoV2024/seed_43/nondp_local_10/iov_global_server_ensemble_summary.json
CICIoV2024,43,nondp,roc_auc,0.9999999763756275,experiments/02_multiseed/results/CICIoV2024/seed_43/nondp_local_10/iov_global_server_ensemble_summary.json
CICIoV2024,43,dp,accuracy,0.9998579767365895,experiments/02_multiseed/results/CICIoV2024/seed_43/full_dp/global_ensemble_summary.json
CICIoV2024,43,dp,precision,0.9989530685920578,experiments/02_multiseed/results/CICIoV2024/seed_43/full_dp/global_ensemble_summary.json
CICIoV2024,43,dp,recall,0.9999638623879734,experiments/02_multiseed/results/CICIoV2024/seed_43/full_dp/global_ensemble_summary.json
CICIoV2024,43,dp,f1,0.9994582099255942,experiments/02_multiseed/results/CICIoV2024/seed_43/full_dp/global_ensemble_summary.json
CICIoV2024,43,dp,roc_auc,0.9999913782852506,experiments/02_multiseed/results/CICIoV2024/seed_43/full_dp/global_ensemble_summary.json
CICIoV2024,44,centralized,accuracy,0.9999857976736589,experiments/02_multiseed/results/CICIoV2024/seed_44/centralized/centralized_xgboost_CICIoV2024_summary.json
CICIoV2024,44,centralized,precision,1.0,experiments/02_multiseed/results/CICIoV2024/seed_44/centralized/centralized_xgboost_CICIoV2024_summary.json
CICIoV2024,44,centralized,recall,0.9998915871639202,experiments/02_multiseed/results/CICIoV2024/seed_44/centralized/centralized_xgboost_CICIoV2024_summary.json
CICIoV2024,44,centralized,f1,0.9999457906434651,experiments/02_multiseed/results/CICIoV2024/seed_44/centralized/centralized_xgboost_CICIoV2024_summary.json
CICIoV2024,44,centralized,roc_auc,0.9999999362141941,experiments/02_multiseed/results/CICIoV2024/seed_44/centralized/centralized_xgboost_CICIoV2024_summary.json
CICIoV2024,44,nondp,accuracy,0.9999857976736589,experiments/02_multiseed/results/CICIoV2024/seed_44/nondp_local_10/iov_global_server_ensemble_summary.json
CICIoV2024,44,nondp,precision,1.0,experiments/02_multiseed/results/CICIoV2024/seed_44/nondp_local_10/iov_global_server_ensemble_summary.json
CICIoV2024,44,nondp,recall,0.9998915871639202,experiments/02_multiseed/results/CICIoV2024/seed_44/nondp_local_10/iov_global_server_ensemble_summary.json
CICIoV2024,44,nondp,f1,0.9999457906434651,experiments/02_multiseed/results/CICIoV2024/seed_44/nondp_local_10/iov_global_server_ensemble_summary.json
CICIoV2024,44,nondp,roc_auc,0.9999999362141943,experiments/02_multiseed/results/CICIoV2024/seed_44/nondp_local_10/iov_global_server_ensemble_summary.json
CICIoV2024,44,dp,accuracy,0.9996118030800112,experiments/02_multiseed/results/CICIoV2024/seed_44/full_dp/global_ensemble_summary.json
CICIoV2024,44,dp,precision,0.9971529479602134,experiments/02_multiseed/results/CICIoV2024/seed_44/full_dp/global_ensemble_summary.json
CICIoV2024,44,dp,recall,0.9998915871639202,experiments/02_multiseed/results/CICIoV2024/seed_44/full_dp/global_ensemble_summary.json
CICIoV2024,44,dp,f1,0.9985203897509924,experiments/02_multiseed/results/CICIoV2024/seed_44/full_dp/global_ensemble_summary.json
CICIoV2024,44,dp,roc_auc,0.9999878291170199,experiments/02_multiseed/results/CICIoV2024/seed_44/full_dp/global_ensemble_summary.json
CICIoV2024,45,centralized,accuracy,0.9999952658912197,experiments/02_multiseed/results/CICIoV2024/seed_45/centralized/centralized_xgboost_CICIoV2024_summary.json
CICIoV2024,45,centralized,precision,1.0,experiments/02_multiseed/results/CICIoV2024/seed_45/centralized/centralized_xgboost_CICIoV2024_summary.json
CICIoV2024,45,centralized,recall,0.9999638623879734,experiments/02_multiseed/results/CICIoV2024/seed_45/centralized/centralized_xgboost_CICIoV2024_summary.json
CICIoV2024,45,centralized,f1,0.9999819308674991,experiments/02_multiseed/results/CICIoV2024/seed_45/centralized/centralized_xgboost_CICIoV2024_summary.json
CICIoV2024,45,centralized,roc_auc,0.9999999748006694,experiments/02_multiseed/results/CICIoV2024/seed_45/centralized/centralized_xgboost_CICIoV2024_summary.json
CICIoV2024,45,nondp,accuracy,0.9999857976736589,experiments/02_multiseed/results/CICIoV2024/seed_45/nondp_local_10/iov_global_server_ensemble_summary.json
CICIoV2024,45,nondp,precision,1.0,experiments/02_multiseed/results/CICIoV2024/seed_45/nondp_local_10/iov_global_server_ensemble_summary.json
CICIoV2024,45,nondp,recall,0.9998915871639202,experiments/02_multiseed/results/CICIoV2024/seed_45/nondp_local_10/iov_global_server_ensemble_summary.json
CICIoV2024,45,nondp,f1,0.9999457906434651,experiments/02_multiseed/results/CICIoV2024/seed_45/nondp_local_10/iov_global_server_ensemble_summary.json
CICIoV2024,45,nondp,roc_auc,0.9999999244020079,experiments/02_multiseed/results/CICIoV2024/seed_45/nondp_local_10/iov_global_server_ensemble_summary.json
CICIoV2024,45,dp,accuracy,0.9999857976736589,experiments/02_multiseed/results/CICIoV2024/seed_45/full_dp/global_ensemble_summary.json
CICIoV2024,45,dp,precision,1.0,experiments/02_multiseed/results/CICIoV2024/seed_45/full_dp/global_ensemble_summary.json
CICIoV2024,45,dp,recall,0.9998915871639202,experiments/02_multiseed/results/CICIoV2024/seed_45/full_dp/global_ensemble_summary.json
CICIoV2024,45,dp,f1,0.9999457906434651,experiments/02_multiseed/results/CICIoV2024/seed_45/full_dp/global_ensemble_summary.json
CICIoV2024,45,dp,roc_auc,0.999999975981888,experiments/02_multiseed/results/CICIoV2024/seed_45/full_dp/global_ensemble_summary.json
CICIoV2024,46,centralized,accuracy,0.9999952658912197,experiments/02_multiseed/results/CICIoV2024/seed_46/centralized/centralized_xgboost_CICIoV2024_summary.json
CICIoV2024,46,centralized,precision,1.0,experiments/02_multiseed/results/CICIoV2024/seed_46/centralized/centralized_xgboost_CICIoV2024_summary.json
CICIoV2024,46,centralized,recall,0.9999638623879734,experiments/02_multiseed/results/CICIoV2024/seed_46/centralized/centralized_xgboost_CICIoV2024_summary.json
CICIoV2024,46,centralized,f1,0.9999819308674991,experiments/02_multiseed/results/CICIoV2024/seed_46/centralized/centralized_xgboost_CICIoV2024_summary.json
CICIoV2024,46,centralized,roc_auc,0.9999999783443252,experiments/02_multiseed/results/CICIoV2024/seed_46/centralized/centralized_xgboost_CICIoV2024_summary.json
CICIoV2024,46,nondp,accuracy,0.9999905317824394,experiments/02_multiseed/results/CICIoV2024/seed_46/nondp_local_10/iov_global_server_ensemble_summary.json
CICIoV2024,46,nondp,precision,1.0,experiments/02_multiseed/results/CICIoV2024/seed_46/nondp_local_10/iov_global_server_ensemble_summary.json
CICIoV2024,46,nondp,recall,0.9999277247759468,experiments/02_multiseed/results/CICIoV2024/seed_46/nondp_local_10/iov_global_server_ensemble_summary.json
CICIoV2024,46,nondp,f1,0.9999638610819992,experiments/02_multiseed/results/CICIoV2024/seed_46/nondp_local_10/iov_global_server_ensemble_summary.json
CICIoV2024,46,nondp,roc_auc,0.9999999566886504,experiments/02_multiseed/results/CICIoV2024/seed_46/nondp_local_10/iov_global_server_ensemble_summary.json
CICIoV2024,46,dp,accuracy,0.9999905317824394,experiments/02_multiseed/results/CICIoV2024/seed_46/full_dp/global_ensemble_summary.json
CICIoV2024,46,dp,precision,1.0,experiments/02_multiseed/results/CICIoV2024/seed_46/full_dp/global_ensemble_summary.json
CICIoV2024,46,dp,recall,0.9999277247759468,experiments/02_multiseed/results/CICIoV2024/seed_46/full_dp/global_ensemble_summary.json
CICIoV2024,46,dp,f1,0.9999638610819992,experiments/02_multiseed/results/CICIoV2024/seed_46/full_dp/global_ensemble_summary.json
CICIoV2024,46,dp,roc_auc,0.9999999948813859,experiments/02_multiseed/results/CICIoV2024/seed_46/full_dp/global_ensemble_summary.json
CICIoV2024,47,centralized,accuracy,0.9999952658912197,experiments/02_multiseed/results/CICIoV2024/seed_47/centralized/centralized_xgboost_CICIoV2024_summary.json
CICIoV2024,47,centralized,precision,1.0,experiments/02_multiseed/results/CICIoV2024/seed_47/centralized/centralized_xgboost_CICIoV2024_summary.json
CICIoV2024,47,centralized,recall,0.9999638623879734,experiments/02_multiseed/results/CICIoV2024/seed_47/centralized/centralized_xgboost_CICIoV2024_summary.json
CICIoV2024,47,centralized,f1,0.9999819308674991,experiments/02_multiseed/results/CICIoV2024/seed_47/centralized/centralized_xgboost_CICIoV2024_summary.json
CICIoV2024,47,centralized,roc_auc,0.999999977753716,experiments/02_multiseed/results/CICIoV2024/seed_47/centralized/centralized_xgboost_CICIoV2024_summary.json
CICIoV2024,47,nondp,accuracy,0.9999905317824394,experiments/02_multiseed/results/CICIoV2024/seed_47/nondp_local_10/iov_global_server_ensemble_summary.json
CICIoV2024,47,nondp,precision,1.0,experiments/02_multiseed/results/CICIoV2024/seed_47/nondp_local_10/iov_global_server_ensemble_summary.json
CICIoV2024,47,nondp,recall,0.9999277247759468,experiments/02_multiseed/results/CICIoV2024/seed_47/nondp_local_10/iov_global_server_ensemble_summary.json
CICIoV2024,47,nondp,f1,0.9999638610819992,experiments/02_multiseed/results/CICIoV2024/seed_47/nondp_local_10/iov_global_server_ensemble_summary.json
CICIoV2024,47,nondp,roc_auc,0.9999999555074317,experiments/02_multiseed/results/CICIoV2024/seed_47/nondp_local_10/iov_global_server_ensemble_summary.json
CICIoV2024,47,dp,accuracy,0.9999905317824394,experiments/02_multiseed/results/CICIoV2024/seed_47/full_dp/global_ensemble_summary.json
CICIoV2024,47,dp,precision,1.0,experiments/02_multiseed/results/CICIoV2024/seed_47/full_dp/global_ensemble_summary.json
CICIoV2024,47,dp,recall,0.9999277247759468,experiments/02_multiseed/results/CICIoV2024/seed_47/full_dp/global_ensemble_summary.json
CICIoV2024,47,dp,f1,0.9999638610819992,experiments/02_multiseed/results/CICIoV2024/seed_47/full_dp/global_ensemble_summary.json
CICIoV2024,47,dp,roc_auc,0.9999999505856875,experiments/02_multiseed/results/CICIoV2024/seed_47/full_dp/global_ensemble_summary.json
CICIoV2024,48,centralized,accuracy,0.9999905317824394,experiments/02_multiseed/results/CICIoV2024/seed_48/centralized/centralized_xgboost_CICIoV2024_summary.json
CICIoV2024,48,centralized,precision,1.0,experiments/02_multiseed/results/CICIoV2024/seed_48/centralized/centralized_xgboost_CICIoV2024_summary.json
CICIoV2024,48,centralized,recall,0.9999277247759468,experiments/02_multiseed/results/CICIoV2024/seed_48/centralized/centralized_xgboost_CICIoV2024_summary.json
CICIoV2024,48,centralized,f1,0.9999638610819992,experiments/02_multiseed/results/CICIoV2024/seed_48/centralized/centralized_xgboost_CICIoV2024_summary.json
CICIoV2024,48,centralized,roc_auc,0.9999999539324735,experiments/02_multiseed/results/CICIoV2024/seed_48/centralized/centralized_xgboost_CICIoV2024_summary.json
CICIoV2024,48,nondp,accuracy,0.9999905317824394,experiments/02_multiseed/results/CICIoV2024/seed_48/nondp_local_10/iov_global_server_ensemble_summary.json
CICIoV2024,48,nondp,precision,1.0,experiments/02_multiseed/results/CICIoV2024/seed_48/nondp_local_10/iov_global_server_ensemble_summary.json
CICIoV2024,48,nondp,recall,0.9999277247759468,experiments/02_multiseed/results/CICIoV2024/seed_48/nondp_local_10/iov_global_server_ensemble_summary.json
CICIoV2024,48,nondp,f1,0.9999638610819992,experiments/02_multiseed/results/CICIoV2024/seed_48/nondp_local_10/iov_global_server_ensemble_summary.json
CICIoV2024,48,nondp,roc_auc,0.9999999539324735,experiments/02_multiseed/results/CICIoV2024/seed_48/nondp_local_10/iov_global_server_ensemble_summary.json
CICIoV2024,48,dp,accuracy,0.9996307395151326,experiments/02_multiseed/results/CICIoV2024/seed_48/full_dp/global_ensemble_summary.json
CICIoV2024,48,dp,precision,0.9972608664311973,experiments/02_multiseed/results/CICIoV2024/seed_48/full_dp/global_ensemble_summary.json
CICIoV2024,48,dp,recall,0.9999277247759468,experiments/02_multiseed/results/CICIoV2024/seed_48/full_dp/global_ensemble_summary.json
CICIoV2024,48,dp,f1,0.9985925150673066,experiments/02_multiseed/results/CICIoV2024/seed_48/full_dp/global_ensemble_summary.json
CICIoV2024,48,dp,roc_auc,0.9999931286543843,experiments/02_multiseed/results/CICIoV2024/seed_48/full_dp/global_ensemble_summary.json
CICIoV2024,49,centralized,accuracy,0.9999857976736589,experiments/02_multiseed/results/CICIoV2024/seed_49/centralized/centralized_xgboost_CICIoV2024_summary.json
CICIoV2024,49,centralized,precision,1.0,experiments/02_multiseed/results/CICIoV2024/seed_49/centralized/centralized_xgboost_CICIoV2024_summary.json
CICIoV2024,49,centralized,recall,0.9998915871639202,experiments/02_multiseed/results/CICIoV2024/seed_49/centralized/centralized_xgboost_CICIoV2024_summary.json
CICIoV2024,49,centralized,f1,0.9999457906434651,experiments/02_multiseed/results/CICIoV2024/seed_49/centralized/centralized_xgboost_CICIoV2024_summary.json
CICIoV2024,49,centralized,roc_auc,0.9999999326705383,experiments/02_multiseed/results/CICIoV2024/seed_49/centralized/centralized_xgboost_CICIoV2024_summary.json
CICIoV2024,49,nondp,accuracy,0.9999857976736589,experiments/02_multiseed/results/CICIoV2024/seed_49/nondp_local_10/iov_global_server_ensemble_summary.json
CICIoV2024,49,nondp,precision,1.0,experiments/02_multiseed/results/CICIoV2024/seed_49/nondp_local_10/iov_global_server_ensemble_summary.json
CICIoV2024,49,nondp,recall,0.9998915871639202,experiments/02_multiseed/results/CICIoV2024/seed_49/nondp_local_10/iov_global_server_ensemble_summary.json
CICIoV2024,49,nondp,f1,0.9999457906434651,experiments/02_multiseed/results/CICIoV2024/seed_49/nondp_local_10/iov_global_server_ensemble_summary.json
CICIoV2024,49,nondp,roc_auc,0.9999999326705383,experiments/02_multiseed/results/CICIoV2024/seed_49/nondp_local_10/iov_global_server_ensemble_summary.json
CICIoV2024,49,dp,accuracy,0.9999857976736589,experiments/02_multiseed/results/CICIoV2024/seed_49/full_dp/global_ensemble_summary.json
CICIoV2024,49,dp,precision,1.0,experiments/02_multiseed/results/CICIoV2024/seed_49/full_dp/global_ensemble_summary.json
CICIoV2024,49,dp,recall,0.9998915871639202,experiments/02_multiseed/results/CICIoV2024/seed_49/full_dp/global_ensemble_summary.json
CICIoV2024,49,dp,f1,0.9999457906434651,experiments/02_multiseed/results/CICIoV2024/seed_49/full_dp/global_ensemble_summary.json
CICIoV2024,49,dp,roc_auc,0.999999920858352,experiments/02_multiseed/results/CICIoV2024/seed_49/full_dp/global_ensemble_summary.json
CICIoV2024,50,centralized,accuracy,0.9999810635648786,experiments/02_multiseed/results/CICIoV2024/seed_50/centralized/centralized_xgboost_CICIoV2024_summary.json
CICIoV2024,50,centralized,precision,1.0,experiments/02_multiseed/results/CICIoV2024/seed_50/centralized/centralized_xgboost_CICIoV2024_summary.json
CICIoV2024,50,centralized,recall,0.9998554495518936,experiments/02_multiseed/results/CICIoV2024/seed_50/centralized/centralized_xgboost_CICIoV2024_summary.json
CICIoV2024,50,centralized,f1,0.9999277195518612,experiments/02_multiseed/results/CICIoV2024/seed_50/centralized/centralized_xgboost_CICIoV2024_summary.json
CICIoV2024,50,centralized,roc_auc,0.9999999094399055,experiments/02_multiseed/results/CICIoV2024/seed_50/centralized/centralized_xgboost_CICIoV2024_summary.json
CICIoV2024,50,nondp,accuracy,0.9999763294560983,experiments/02_multiseed/results/CICIoV2024/seed_50/nondp_local_10/iov_global_server_ensemble_summary.json
CICIoV2024,50,nondp,precision,1.0,experiments/02_multiseed/results/CICIoV2024/seed_50/nondp_local_10/iov_global_server_ensemble_summary.json
CICIoV2024,50,nondp,recall,0.9998193119398671,experiments/02_multiseed/results/CICIoV2024/seed_50/nondp_local_10/iov_global_server_ensemble_summary.json
CICIoV2024,50,nondp,f1,0.9999096478071523,experiments/02_multiseed/results/CICIoV2024/seed_50/nondp_local_10/iov_global_server_ensemble_summary.json
CICIoV2024,50,nondp,roc_auc,0.9999999094399055,experiments/02_multiseed/results/CICIoV2024/seed_50/nondp_local_10/iov_global_server_ensemble_summary.json
CICIoV2024,50,dp,accuracy,0.9998532426278091,experiments/02_multiseed/results/CICIoV2024/seed_50/full_dp/global_ensemble_summary.json
CICIoV2024,50,dp,precision,0.9990611345827466,experiments/02_multiseed/results/CICIoV2024/seed_50/full_dp/global_ensemble_summary.json
CICIoV2024,50,dp,recall,0.9998193119398671,experiments/02_multiseed/results/CICIoV2024/seed_50/full_dp/global_ensemble_summary.json
CICIoV2024,50,dp,f1,0.999440079472591,experiments/02_multiseed/results/CICIoV2024/seed_50/full_dp/global_ensemble_summary.json
CICIoV2024,50,dp,roc_auc,0.9999951255044711,experiments/02_multiseed/results/CICIoV2024/seed_50/full_dp/global_ensemble_summary.json
CICIoV2024,51,centralized,accuracy,0.9999810635648786,experiments/02_multiseed/results/CICIoV2024/seed_51/centralized/centralized_xgboost_CICIoV2024_summary.json
CICIoV2024,51,centralized,precision,0.9999277247759468,experiments/02_multiseed/results/CICIoV2024/seed_51/centralized/centralized_xgboost_CICIoV2024_summary.json
CICIoV2024,51,centralized,recall,0.9999277247759468,experiments/02_multiseed/results/CICIoV2024/seed_51/centralized/centralized_xgboost_CICIoV2024_summary.json
CICIoV2024,51,centralized,f1,0.9999277247759468,experiments/02_multiseed/results/CICIoV2024/seed_51/centralized/centralized_xgboost_CICIoV2024_summary.json
CICIoV2024,51,centralized,roc_auc,0.999999953538734,experiments/02_multiseed/results/CICIoV2024/seed_51/centralized/centralized_xgboost_CICIoV2024_summary.json
CICIoV2024,51,nondp,accuracy,0.9999905317824394,experiments/02_multiseed/results/CICIoV2024/seed_51/nondp_local_10/iov_global_server_ensemble_summary.json
CICIoV2024,51,nondp,precision,1.0,experiments/02_multiseed/results/CICIoV2024/seed_51/nondp_local_10/iov_global_server_ensemble_summary.json
CICIoV2024,51,nondp,recall,0.9999277247759468,experiments/02_multiseed/results/CICIoV2024/seed_51/nondp_local_10/iov_global_server_ensemble_summary.json
CICIoV2024,51,nondp,f1,0.9999638610819992,experiments/02_multiseed/results/CICIoV2024/seed_51/nondp_local_10/iov_global_server_ensemble_summary.json
CICIoV2024,51,nondp,roc_auc,0.999999953538734,experiments/02_multiseed/results/CICIoV2024/seed_51/nondp_local_10/iov_global_server_ensemble_summary.json
CICIoV2024,51,dp,accuracy,0.9997680286697628,experiments/02_multiseed/results/CICIoV2024/seed_51/full_dp/global_ensemble_summary.json
CICIoV2024,51,dp,precision,0.9983402489626556,experiments/02_multiseed/results/CICIoV2024/seed_51/full_dp/global_ensemble_summary.json
CICIoV2024,51,dp,recall,0.9998915871639202,experiments/02_multiseed/results/CICIoV2024/seed_51/full_dp/global_ensemble_summary.json
CICIoV2024,51,dp,f1,0.9991153158683446,experiments/02_multiseed/results/CICIoV2024/seed_51/full_dp/global_ensemble_summary.json
CICIoV2024,51,dp,roc_auc,0.9999894404960952,experiments/02_multiseed/results/CICIoV2024/seed_51/full_dp/global_ensemble_summary.json
