evaluation_id,transition,prior_block,test_block,earlier_history_blocks,adaptation_fraction_requested,adaptation_rows,calibration_rows_from_prior_block,adaptation_actual_fraction,requested_first_fraction,actual_first_fraction,split_row,first_rows,second_rows,first_start_timestamp,first_end_timestamp,second_start_timestamp,second_end_timestamp
adaptive_test_B2,B1->B2,1,2,none,0.7,210000,90000,0.7,0.7,0.7,210000,210000,90000,2018-02-14 12:28:11.768711,2018-02-14 19:04:00.286316,2018-02-14 19:04:00.468111,2018-02-15 13:03:13.761064
adaptive_test_B3,B2->B3,2,3,B1-B1,0.7,210000,90000,0.7,0.7,0.7,210000,210000,90000,2018-02-15 13:03:13.779084,2018-02-15 20:30:39.658664,2018-02-15 20:30:39.726309,2018-02-16 14:37:49.825970
adaptive_test_B4,B3->B4,3,4,B1-B2,0.7,210000,90000,0.7,0.7,0.7,210000,210000,90000,2018-02-16 14:37:49.867105,2018-02-16 18:51:54.960885,2018-02-16 18:51:55.122001,2018-02-20 12:50:22.166829
adaptive_test_B5,B4->B5,4,5,B1-B3,0.7,210000,90000,0.7,0.7,0.7,210000,210000,90000,2018-02-20 12:50:22.230324,2018-02-20 19:13:57.225095,2018-02-20 19:13:57.238220,2018-02-21 13:07:33.509229
adaptive_test_B6,B5->B6,5,6,B1-B4,0.7,210000,90000,0.7,0.7,0.7,210000,210000,90000,2018-02-21 13:07:33.521374,2018-02-21 18:47:07.479695,2018-02-21 18:47:07.591821,2018-02-21 21:18:00.975171
adaptive_test_B7,B6->B7,6,7,B1-B5,0.7,210000,90000,0.7,0.7,0.7,210000,210000,90000,2018-02-21 21:18:01.516644,2018-02-22 18:40:05.333954,2018-02-22 18:40:05.415281,2018-02-23 12:23:58.329045
adaptive_test_B8,B7->B8,7,8,B1-B6,0.7,210000,90000,0.7,0.7,0.7,210000,210000,90000,2018-02-23 12:23:58.678035,2018-02-23 19:14:33.626272,2018-02-23 19:14:33.669750,2018-02-28 12:51:31.023940
adaptive_test_B9,B8->B9,8,9,B1-B7,0.7,210000,90000,0.7,0.7,0.7,210000,210000,90000,2018-02-28 12:51:31.106671,2018-02-28 19:05:16.979849,2018-02-28 19:05:17.048738,2018-03-01 12:31:08.747427
adaptive_test_B10,B9->B10,9,10,B1-B8,0.7,210000,90000,0.7,0.7,0.7,210000,210000,90000,2018-03-01 12:31:08.749266,2018-03-01 18:42:36.415912,2018-03-01 18:42:36.642504,2018-03-01 22:04:29.763131
