protocol,evaluation_id,transition,prior_block,test_block,earlier_history_blocks,adaptation_fraction_requested,adaptation_rows,calibration_rows_from_prior_block,adaptation_actual_fraction,target_development_fpr,threshold,seen_attack_rows,seen_temporal_recall,seen_temporal_precision,seen_temporal_f1,seen_temporal_test_fpr,combined_recall,combined_test_fpr
adaptive_supervised_refresh,adaptive_test_B2,B1->B2,1,2,none,0.7,210000,90000,0.7,0.001,0.49476185441017156,2360,1.0,0.9273084479371316,0.9622833843017329,0.000625352817298949,0.56635469162467,0.000625352817298949
adaptive_supervised_refresh,adaptive_test_B2,B1->B2,1,2,none,0.7,210000,90000,0.7,0.005,0.08425290137529375,2360,1.0,0.6194225721784777,0.7649918962722853,0.004901413973424196,0.9512838972882169,0.004901413973424196
adaptive_supervised_refresh,adaptive_test_B2,B1->B2,1,2,none,0.7,210000,90000,0.7,0.01,0.0718425437808037,2360,1.0,0.5977710233029382,0.7482561826252377,0.005367893372274222,0.9512838972882169,0.005367893372274222
adaptive_supervised_refresh,adaptive_test_B2,B1->B2,1,2,none,0.7,210000,90000,0.7,0.02,0.0718425437808037,2360,1.0,0.5977710233029382,0.7482561826252377,0.005367893372274222,0.9512838972882169,0.005367893372274222
adaptive_supervised_refresh,adaptive_test_B2,B1->B2,1,2,none,0.7,210000,90000,0.7,0.05,0.00932468753308058,2360,1.0,0.20625764726446424,0.34197942327198955,0.03069975290113003,0.9954403647708183,0.03069975290113003
adaptive_supervised_refresh,adaptive_test_B3,B2->B3,2,3,B1-B1,0.7,210000,90000,0.7,0.001,0.7308530807495118,2676,1.0,0.9543509272467903,0.9766423357664233,0.0006044464592659753,0.9979486830772021,0.0006044464592659753
adaptive_supervised_refresh,adaptive_test_B3,B2->B3,2,3,B1-B1,0.7,210000,90000,0.7,0.005,0.08728039264678956,2676,1.0,0.7752027809965237,0.8733681462140992,0.0036644566592999753,1.0,0.0036644566592999753
adaptive_supervised_refresh,adaptive_test_B3,B2->B3,2,3,B1-B1,0.7,210000,90000,0.7,0.01,0.05412324890494347,2676,1.0,0.6278742374472079,0.7714038627846642,0.007489469409342475,1.0,0.007489469409342475
adaptive_supervised_refresh,adaptive_test_B3,B2->B3,2,3,B1-B1,0.7,210000,90000,0.7,0.02,0.040301542729139335,2676,1.0,0.4412928759894459,0.6123569794050343,0.015998942218696285,1.0,0.015998942218696285
adaptive_supervised_refresh,adaptive_test_B3,B2->B3,2,3,B1-B1,0.7,210000,90000,0.7,0.05,0.00801149755716324,2676,1.0,0.21067548417572035,0.3480296527506828,0.04734515781719272,1.0,0.04734515781719272
adaptive_supervised_refresh,adaptive_test_B4,B3->B4,3,4,B1-B2,0.7,210000,90000,0.7,0.001,0.5169483423233033,0,,,,,0.0,0.0008664572728257337
adaptive_supervised_refresh,adaptive_test_B4,B3->B4,3,4,B1-B2,0.7,210000,90000,0.7,0.005,0.04958133772015572,0,,,,,0.0,0.006159532951579712
adaptive_supervised_refresh,adaptive_test_B4,B3->B4,3,4,B1-B2,0.7,210000,90000,0.7,0.01,0.03968688845634461,0,,,,,0.0,0.009076838688714743
adaptive_supervised_refresh,adaptive_test_B4,B3->B4,3,4,B1-B2,0.7,210000,90000,0.7,0.02,0.03090598061680794,0,,,,,0.0,0.015169989833102162
adaptive_supervised_refresh,adaptive_test_B4,B3->B4,3,4,B1-B2,0.7,210000,90000,0.7,0.05,0.003193941898643971,0,,,,,0.005661609929592799,0.045066259524915886
adaptive_supervised_refresh,adaptive_test_B5,B4->B5,4,5,B1-B3,0.7,210000,90000,0.7,0.001,0.530981481075287,88,0.0,0.0,0.0,0.0005994456133857413,0.9942842700779595,0.0005994456133857413
adaptive_supervised_refresh,adaptive_test_B5,B4->B5,4,5,B1-B3,0.7,210000,90000,0.7,0.005,0.054800927639007575,88,0.0,0.0,0.0,0.004127726170025305,0.9982891692750355,0.004127726170025305
adaptive_supervised_refresh,adaptive_test_B5,B4->B5,4,5,B1-B3,0.7,210000,90000,0.7,0.01,0.01998001150786877,88,0.9090909090909091,0.04030226700251889,0.07718282682103232,0.007664052976508974,0.9998444699340941,0.007664052976508974
adaptive_supervised_refresh,adaptive_test_B5,B4->B5,4,5,B1-B3,0.7,210000,90000,0.7,0.02,0.014020787551999094,88,0.9090909090909091,0.018433179723502304,0.036133694670280034,0.017138512167941326,0.9998444699340941,0.017138512167941326
adaptive_supervised_refresh,adaptive_test_B5,B4->B5,4,5,B1-B3,0.7,210000,90000,0.7,0.05,0.005022224504500628,88,1.0,0.007663502569015066,0.015210439892835537,0.04584350848678202,1.0,0.04584350848678202
adaptive_supervised_refresh,adaptive_test_B6,B5->B6,5,6,B1-B4,0.7,210000,90000,0.7,0.001,0.33347919583320623,0,,,,,0.0,0.0016467160681487112
adaptive_supervised_refresh,adaptive_test_B6,B5->B6,5,6,B1-B4,0.7,210000,90000,0.7,0.005,0.028514964506030086,0,,,,,0.0,0.005840175205256158
adaptive_supervised_refresh,adaptive_test_B6,B5->B6,5,6,B1-B4,0.7,210000,90000,0.7,0.01,0.012536364607512953,0,,,,,0.6666666666666666,0.011657016377157981
adaptive_supervised_refresh,adaptive_test_B6,B5->B6,5,6,B1-B4,0.7,210000,90000,0.7,0.02,0.007486385758966208,0,,,,,0.7777777777777778,0.02133397335253391
adaptive_supervised_refresh,adaptive_test_B6,B5->B6,5,6,B1-B4,0.7,210000,90000,0.7,0.05,0.0036656516604125504,0,,,,,1.0,0.05273491538079476
adaptive_supervised_refresh,adaptive_test_B7,B6->B7,6,7,B1-B5,0.7,210000,90000,0.7,0.001,0.7014701366424562,9,0.0,0.0,0.0,0.0004733506895252826,0.0,0.0004733506895252826
adaptive_supervised_refresh,adaptive_test_B7,B6->B7,6,7,B1-B5,0.7,210000,90000,0.7,0.005,0.0676884949207306,9,0.0,0.0,0.0,0.0037301367716816285,0.0,0.0037301367716816285
adaptive_supervised_refresh,adaptive_test_B7,B6->B7,6,7,B1-B5,0.7,210000,90000,0.7,0.01,0.020905755460262302,9,0.6666666666666666,0.0027137042062415195,0.005405405405405406,0.007350269509882029,0.6363636363636364,0.007350269509882029
adaptive_supervised_refresh,adaptive_test_B7,B6->B7,6,7,B1-B5,0.7,210000,90000,0.7,0.02,0.007567436899989844,9,0.8888888888888888,0.0016,0.003194250349371132,0.01664061015570571,0.8181818181818182,0.01664061015570571
adaptive_supervised_refresh,adaptive_test_B7,B6->B7,6,7,B1-B5,0.7,210000,90000,0.7,0.05,0.0035683144815266137,9,1.0,0.0006755235307363207,0.0013501350135013501,0.0443816273263353,1.0,0.0443816273263353
adaptive_supervised_refresh,adaptive_test_B8,B7->B8,7,8,B1-B6,0.7,210000,90000,0.7,0.001,0.33231583237648016,0,,,,,0.0105977108944468,0.000638352915088983
adaptive_supervised_refresh,adaptive_test_B8,B7->B8,7,8,B1-B6,0.7,210000,90000,0.7,0.005,0.027238804847002033,0,,,,,0.04578211106401017,0.00785174085559449
adaptive_supervised_refresh,adaptive_test_B8,B7->B8,7,8,B1-B6,0.7,210000,90000,0.7,0.01,0.011855376884341242,0,,,,,0.04917337855023315,0.01450740993344331
adaptive_supervised_refresh,adaptive_test_B8,B7->B8,7,8,B1-B6,0.7,210000,90000,0.7,0.02,0.006356416735798121,0,,,,,0.05426027977956761,0.02483528814914612
adaptive_supervised_refresh,adaptive_test_B8,B7->B8,7,8,B1-B6,0.7,210000,90000,0.7,0.05,0.002929870039224625,0,,,,,0.06485799067401442,0.051384049912478455
adaptive_supervised_refresh,adaptive_test_B9,B8->B9,8,9,B1-B7,0.7,210000,90000,0.7,0.001,0.517117202281952,1835,0.9209809264305178,0.9214830970556162,0.9212319433088035,0.0004829540690557242,0.9209809264305178,0.0004829540690557242
adaptive_supervised_refresh,adaptive_test_B9,B8->B9,8,9,B1-B7,0.7,210000,90000,0.7,0.005,0.41555863618850714,1835,0.9307901907356948,0.8840579710144928,0.906822405096894,0.0007512618851977931,0.9307901907356948,0.0007512618851977931
adaptive_supervised_refresh,adaptive_test_B9,B8->B9,8,9,B1-B7,0.7,210000,90000,0.7,0.01,0.19863744080066684,1835,0.9482288828337875,0.8,0.8678304239401496,0.0014589237502725002,0.9482288828337875,0.0014589237502725002
adaptive_supervised_refresh,adaptive_test_B9,B8->B9,8,9,B1-B7,0.7,210000,90000,0.7,0.02,0.07459714263677598,1835,0.9618528610354223,0.6486585814038957,0.7748024582967515,0.003206278402897724,0.9618528610354223,0.003206278402897724
adaptive_supervised_refresh,adaptive_test_B9,B8->B9,8,9,B1-B7,0.7,210000,90000,0.7,0.05,0.013434940017759802,1835,0.9814713896457765,0.241777419787891,0.38797931925894014,0.01894253181963007,0.9814713896457765,0.01894253181963007
adaptive_supervised_refresh,adaptive_test_B10,B9->B10,9,10,B1-B8,0.7,210000,90000,0.7,0.001,0.5039439201354982,0,,,,,0.0019081168354616175,0.000716266410175076
adaptive_supervised_refresh,adaptive_test_B10,B9->B10,9,10,B1-B8,0.7,210000,90000,0.7,0.005,0.05342682451009751,0,,,,,0.4172904740936445,0.004478370459808928
adaptive_supervised_refresh,adaptive_test_B10,B9->B10,9,10,B1-B8,0.7,210000,90000,0.7,0.01,0.03156144544482232,0,,,,,0.6408337002788786,0.008059702510684308
adaptive_supervised_refresh,adaptive_test_B10,B9->B10,9,10,B1-B8,0.7,210000,90000,0.7,0.02,0.015784701332449916,0,,,,,0.9637457801262292,0.016238782756397795
adaptive_supervised_refresh,adaptive_test_B10,B9->B10,9,10,B1-B8,0.7,210000,90000,0.7,0.05,0.007483587600290776,0,,,,,0.9957434316747394,0.040390603949015474
