protocol,evaluation_id,transition,prior_block,test_block,earlier_history_blocks,adaptation_fraction_requested,adaptation_rows,calibration_rows_from_prior_block,adaptation_actual_fraction,category,n,q01,q10,q50,q90,q99
adaptive_supervised_refresh,adaptive_test_B2,B1->B2,1,2,none,0.7,210000,90000,0.7,calibration_benign,88566,0.009324687533080578,0.009324687533080578,0.009324687533080578,0.009324687533080578,0.07184254378080368
adaptive_supervised_refresh,adaptive_test_B2,B1->B2,1,2,none,0.7,210000,90000,0.7,calibration_attack,1434,0.9805182218551636,0.9817458391189575,0.9840666055679321,0.9860119223594666,0.9863170981407166
adaptive_supervised_refresh,adaptive_test_B2,B1->B2,1,2,none,0.7,210000,90000,0.7,test_benign,295833,0.009324687533080578,0.009324687533080578,0.009324687533080578,0.009324687533080578,0.07184254378080368
adaptive_supervised_refresh,adaptive_test_B2,B1->B2,1,2,none,0.7,210000,90000,0.7,test_seen_attack,2360,0.9852188229560852,0.985541045665741,0.9880459308624268,0.9880459308624268,0.9880459308624268
adaptive_supervised_refresh,adaptive_test_B2,B1->B2,1,2,none,0.7,210000,90000,0.7,test_novel_attack,1807,0.011975651104003135,0.06502645462751389,0.3173576891422272,0.32675477862358093,0.3278753459453583
adaptive_supervised_refresh,adaptive_test_B3,B2->B3,2,3,B1-B1,0.7,210000,90000,0.7,calibration_benign,87640,0.001994743011891842,0.002459727693349123,0.0029711625538766384,0.006358890328556299,0.054123248904943466
adaptive_supervised_refresh,adaptive_test_B3,B2->B3,2,3,B1-B1,0.7,210000,90000,0.7,calibration_attack,2360,0.9833459854125977,0.9935181736946106,0.9980394244194031,0.9980394244194031,0.9980394244194031
adaptive_supervised_refresh,adaptive_test_B3,B2->B3,2,3,B1-B1,0.7,210000,90000,0.7,test_benign,211764,0.001994743011891842,0.002459727693349123,0.0029711625538766384,0.00593763729557395,0.054123248904943466
adaptive_supervised_refresh,adaptive_test_B3,B2->B3,2,3,B1-B1,0.7,210000,90000,0.7,test_seen_attack,2676,0.9822473376989365,0.9935181736946106,0.9980394244194031,0.9980394244194031,0.9980394244194031
adaptive_supervised_refresh,adaptive_test_B3,B2->B3,2,3,B1-B1,0.7,210000,90000,0.7,test_novel_attack,85560,0.9894876480102539,0.9897017478942871,0.9929007291793823,0.9953200221061707,0.9965609908103943
adaptive_supervised_refresh,adaptive_test_B4,B3->B4,3,4,B1-B2,0.7,210000,90000,0.7,calibration_benign,90000,0.0011802352964878082,0.001473257434554398,0.0017572238575667143,0.0025996752083301544,0.039686888456344604
adaptive_supervised_refresh,adaptive_test_B4,B3->B4,3,4,B1-B2,0.7,210000,90000,0.7,calibration_attack,0,,,,,
adaptive_supervised_refresh,adaptive_test_B4,B3->B4,3,4,B1-B2,0.7,210000,90000,0.7,test_benign,286223,0.0011802352964878082,0.001473257434554398,0.0017572238575667143,0.0026635031681507826,0.03852780908346176
adaptive_supervised_refresh,adaptive_test_B4,B3->B4,3,4,B1-B2,0.7,210000,90000,0.7,test_seen_attack,0,,,,,
adaptive_supervised_refresh,adaptive_test_B4,B3->B4,3,4,B1-B2,0.7,210000,90000,0.7,test_novel_attack,13777,0.001975386869162321,0.0024963240139186382,0.002639081096276641,0.002639081096276641,0.0031073535792529583
adaptive_supervised_refresh,adaptive_test_B5,B4->B5,4,5,B1-B3,0.7,210000,90000,0.7,calibration_benign,90000,0.0005001864046789706,0.0005651245592162013,0.0011120870476588607,0.0033036230597645044,0.019980011507868767
adaptive_supervised_refresh,adaptive_test_B5,B4->B5,4,5,B1-B3,0.7,210000,90000,0.7,calibration_attack,0,,,,,
adaptive_supervised_refresh,adaptive_test_B5,B4->B5,4,5,B1-B3,0.7,210000,90000,0.7,test_benign,248563,0.0005001864046789706,0.0005651245592162013,0.0011120870476588607,0.003280994016677141,0.01449640467762947
adaptive_supervised_refresh,adaptive_test_B5,B4->B5,4,5,B1-B3,0.7,210000,90000,0.7,test_seen_attack,88,0.011237284168601036,0.03370652534067631,0.03398553654551506,0.03398553654551506,0.03398553654551506
adaptive_supervised_refresh,adaptive_test_B5,B4->B5,4,5,B1-B3,0.7,210000,90000,0.7,test_novel_attack,51349,0.5453897714614868,0.6555712223052979,0.7395477890968323,0.7395477890968323,0.7395477890968323
adaptive_supervised_refresh,adaptive_test_B6,B5->B6,5,6,B1-B4,0.7,210000,90000,0.7,calibration_benign,76505,0.00020207992929499596,0.0002629282826092094,0.0006852878723293543,0.0023428592830896378,0.012529845684767813
adaptive_supervised_refresh,adaptive_test_B6,B5->B6,5,6,B1-B4,0.7,210000,90000,0.7,calibration_attack,13495,0.9867540001869202,0.9980522394180298,0.9990684390068054,0.9992520213127136,0.9992520213127136
adaptive_supervised_refresh,adaptive_test_B6,B5->B6,5,6,B1-B4,0.7,210000,90000,0.7,test_benign,299991,0.00019060277554672211,0.0002629282826092094,0.0006733223563060164,0.002480534603819251,0.016062738373875618
adaptive_supervised_refresh,adaptive_test_B6,B5->B6,5,6,B1-B4,0.7,210000,90000,0.7,test_seen_attack,0,,,,,
adaptive_supervised_refresh,adaptive_test_B6,B5->B6,5,6,B1-B4,0.7,210000,90000,0.7,test_novel_attack,9,0.00684328144416213,0.00684328144416213,0.013854393735527992,0.018511642515659333,0.023839370608329774
adaptive_supervised_refresh,adaptive_test_B7,B6->B7,6,7,B1-B5,0.7,210000,90000,0.7,calibration_benign,89999,0.00015917365089990199,0.0002627984795253724,0.0005227290675975382,0.0024908254854381084,0.0209057554602623
adaptive_supervised_refresh,adaptive_test_B7,B6->B7,6,7,B1-B5,0.7,210000,90000,0.7,calibration_attack,1,0.00794790219515562,0.00794790219515562,0.00794790219515562,0.00794790219515562,0.00794790219515562
adaptive_supervised_refresh,adaptive_test_B7,B6->B7,6,7,B1-B5,0.7,210000,90000,0.7,test_benign,299989,0.00014544453006237745,0.0002627984795253724,0.0004992035101167858,0.0023964322172105312,0.013094944879412651
adaptive_supervised_refresh,adaptive_test_B7,B6->B7,6,7,B1-B5,0.7,210000,90000,0.7,test_seen_attack,9,0.006074152681976557,0.010458577703684569,0.05110862851142883,0.05450953170657158,0.05450953170657158
adaptive_supervised_refresh,adaptive_test_B7,B6->B7,6,7,B1-B5,0.7,210000,90000,0.7,test_novel_attack,2,0.0066110874526202675,0.009552055038511753,0.022623022086918354,0.035693989135324955,0.03863495672121644
adaptive_supervised_refresh,adaptive_test_B8,B7->B8,7,8,B1-B6,0.7,210000,90000,0.7,calibration_benign,89998,0.00012667251576203853,0.00019091690774075687,0.0004330502706579864,0.0017858331557363272,0.01185537688434124
adaptive_supervised_refresh,adaptive_test_B8,B7->B8,7,8,B1-B6,0.7,210000,90000,0.7,calibration_attack,2,0.008599573345854879,0.013681039866060018,0.0362653355114162,0.05884963115677238,0.06393109767697751
adaptive_supervised_refresh,adaptive_test_B8,B7->B8,7,8,B1-B6,0.7,210000,90000,0.7,test_benign,297641,0.0001261069264728576,0.00019091690774075687,0.0004478940099943429,0.0017858331557363272,0.02382003366947138
adaptive_supervised_refresh,adaptive_test_B8,B7->B8,7,8,B1-B6,0.7,210000,90000,0.7,test_seen_attack,0,,,,,
adaptive_supervised_refresh,adaptive_test_B8,B7->B8,7,8,B1-B6,0.7,210000,90000,0.7,test_novel_attack,2359,0.00022652333427686244,0.001005068188533187,0.0017727137310430408,0.0027726804837584496,0.4529794692993343
adaptive_supervised_refresh,adaptive_test_B9,B8->B9,8,9,B1-B7,0.7,210000,90000,0.7,calibration_benign,90000,0.000134743531816639,0.00023959227837622166,0.0005593645619228482,0.003837365424260497,0.1986374408006668
adaptive_supervised_refresh,adaptive_test_B9,B8->B9,8,9,B1-B7,0.7,210000,90000,0.7,calibration_attack,0,,,,,
adaptive_supervised_refresh,adaptive_test_B9,B8->B9,8,9,B1-B7,0.7,210000,90000,0.7,test_benign,298165,0.00012589474499691278,0.00022353461827151477,0.0005089786718599498,0.0029292572289705276,0.019509097561240196
adaptive_supervised_refresh,adaptive_test_B9,B8->B9,8,9,B1-B7,0.7,210000,90000,0.7,test_seen_attack,1835,0.007246841192245483,0.7367663383483887,0.9776343107223511,0.9887935519218445,0.9950386357307435
adaptive_supervised_refresh,adaptive_test_B9,B8->B9,8,9,B1-B7,0.7,210000,90000,0.7,test_novel_attack,0,,,,,
adaptive_supervised_refresh,adaptive_test_B10,B9->B10,9,10,B1-B8,0.7,210000,90000,0.7,calibration_benign,89754,9.664443496149033e-05,0.00021081410523038357,0.0004737045965157449,0.0029200699646025896,0.03156144544482231
adaptive_supervised_refresh,adaptive_test_B10,B9->B10,9,10,B1-B8,0.7,210000,90000,0.7,calibration_attack,246,0.02389134280383587,0.34210172295570374,0.9897124767303467,0.9955268502235413,0.9966947168111802
adaptive_supervised_refresh,adaptive_test_B10,B9->B10,9,10,B1-B8,0.7,210000,90000,0.7,test_benign,293187,6.226703408174217e-05,0.00020480020612012595,0.00046111748088151217,0.0024993489496409893,0.026851464062929153
adaptive_supervised_refresh,adaptive_test_B10,B9->B10,9,10,B1-B8,0.7,210000,90000,0.7,test_seen_attack,0,,,,,
adaptive_supervised_refresh,adaptive_test_B10,B9->B10,9,10,B1-B8,0.7,210000,90000,0.7,test_novel_attack,6813,0.013669038191437721,0.02497890777885914,0.04574058577418327,0.05684922635555267,0.07069177180528641
